index,open,high,low,close,volume,ma5,ma20,vSign
2023-05-01 00:00:00,0.4781,0.481,0.478,0.4798,2485640.0,,,-1.0
2023-05-01 00:05:00,0.4797,0.4801,0.4791,0.4797,864738.0,,,0.0
2023-05-01 00:10:00,0.4796,0.4797,0.4791,0.4795,694401.0,,,1.0
2023-05-01 00:15:00,0.4796,0.4819,0.4795,0.4814,2197720.0,,,-1.0
2023-05-01 00:20:00,0.4814,0.4817,0.4796,0.4796,803892.0,0.48,,1.0
2023-05-01 00:25:00,0.4796,0.4804,0.4796,0.4801,774243.0,0.48006000000000004,,-1.0
2023-05-01 00:30:00,0.48,0.4813,0.48,0.4812,1185420.0,0.48036,,-1.0
2023-05-01 00:35:00,0.4812,0.4815,0.4807,0.4812,633903.0,0.4807,,0.0
2023-05-01 00:40:00,0.4813,0.4818,0.4808,0.4809,702564.0,0.4806,,1.0
2023-05-01 00:45:00,0.4809,0.4812,0.4775,0.4782,2235760.0,0.48032,,1.0
2023-05-01 00:50:00,0.4783,0.4799,0.4782,0.4796,2015770.0,0.48022,,-1.0
2023-05-01 00:55:00,0.4797,0.4799,0.4786,0.4789,1501330.0,0.47976,,1.0
2023-05-01 01:00:00,0.479,0.4814,0.4789,0.4808,1958720.0,0.47968,,-1.0
2023-05-01 01:05:00,0.4809,0.481,0.4801,0.4802,690301.0,0.47953999999999997,,1.0
2023-05-01 01:10:00,0.4801,0.4808,0.4795,0.4795,838653.0,0.4798,,1.0
2023-05-01 01:15:00,0.4795,0.4805,0.4795,0.4803,1035860.0,0.47994000000000003,,-1.0
2023-05-01 01:20:00,0.4803,0.481,0.4799,0.4801,628681.0,0.48018,,1.0
2023-05-01 01:25:00,0.4801,0.4801,0.4785,0.4788,949503.0,0.47978000000000004,,1.0
2023-05-01 01:30:00,0.4789,0.4795,0.4788,0.4794,744542.0,0.47962,,-1.0
2023-05-01 01:35:00,0.4794,0.4799,0.4793,0.4797,403606.0,0.47966,0.479945,-1.0
2023-05-01 01:40:00,0.4797,0.4797,0.4792,0.4795,249265.0,0.4795,0.47992999999999997,1.0
2023-05-01 01:45:00,0.4795,0.4797,0.4793,0.4796,473177.0,0.47939999999999994,0.479925,-1.0
2023-05-01 01:50:00,0.4796,0.4799,0.4794,0.4795,360437.0,0.47953999999999997,0.479925,1.0
2023-05-01 01:55:00,0.4795,0.48,0.4794,0.4795,652216.0,0.47956000000000004,0.4798299999999999,0.0
2023-05-01 02:00:00,0.4795,0.48,0.4795,0.4799,490796.0,0.4795999999999999,0.47984499999999997,-1.0
2023-05-01 02:05:00,0.4799,0.4799,0.4794,0.4797,405151.0,0.47964,0.47982499999999995,1.0
2023-05-01 02:10:00,0.4796,0.4801,0.4796,0.4799,218465.0,0.47970000000000007,0.47976,-1.0
2023-05-01 02:15:00,0.48,0.4804,0.4797,0.4803,218100.0,0.47986000000000006,0.479715,-1.0
2023-05-01 02:20:00,0.4803,0.4808,0.4803,0.4805,217518.0,0.48006000000000004,0.4796950000000001,-1.0
2023-05-01 02:25:00,0.4805,0.4809,0.4804,0.4806,246495.0,0.48019999999999996,0.479815,-1.0
2023-05-01 02:30:00,0.4806,0.481,0.4804,0.4809,294395.0,0.48044000000000003,0.47988,-1.0
2023-05-01 02:35:00,0.481,0.4812,0.4801,0.4803,691306.0,0.48052,0.47995,1.0
2023-05-01 02:40:00,0.4803,0.4804,0.4799,0.48,616191.0,0.48046,0.47991,1.0
2023-05-01 02:45:00,0.4801,0.4801,0.4794,0.4796,312512.0,0.48027999999999993,0.47988,1.0
2023-05-01 02:50:00,0.4795,0.4795,0.479,0.4792,279445.0,0.48,0.47986500000000004,1.0
2023-05-01 02:55:00,0.4793,0.4793,0.4788,0.4788,664437.0,0.47958,0.47979000000000005,1.0
2023-05-01 03:00:00,0.4789,0.4789,0.4767,0.4776,1329900.0,0.47904,0.47966500000000006,1.0
2023-05-01 03:05:00,0.4777,0.4784,0.4776,0.4782,437533.0,0.47868000000000005,0.4796349999999999,-1.0
2023-05-01 03:10:00,0.4782,0.4792,0.4781,0.4792,315863.0,0.47859999999999997,0.4796250000000001,-1.0
2023-05-01 03:15:00,0.4792,0.4795,0.4792,0.4793,191976.0,0.47862,0.479605,-1.0
2023-05-01 03:20:00,0.4793,0.4795,0.4792,0.4793,176392.0,0.47872000000000003,0.47959500000000005,0.0
2023-05-01 03:25:00,0.4794,0.4796,0.4792,0.4795,278734.0,0.4791,0.47959000000000007,-1.0
2023-05-01 03:30:00,0.4795,0.4795,0.4788,0.479,322941.0,0.47926,0.479565,1.0
2023-05-01 03:35:00,0.4789,0.4793,0.4789,0.4792,121720.0,0.47926,0.47955000000000003,-1.0
2023-05-01 03:40:00,0.4793,0.4793,0.4789,0.479,147258.0,0.47919999999999996,0.47950499999999996,1.0
2023-05-01 03:45:00,0.479,0.479,0.4784,0.4788,374638.0,0.4791,0.47946,1.0
2023-05-01 03:50:00,0.4787,0.4793,0.4787,0.4792,318163.0,0.47904,0.479425,-1.0
2023-05-01 03:55:00,0.4791,0.4792,0.4785,0.4788,271632.0,0.479,0.47935,1.0
2023-05-01 04:00:00,0.4788,0.4789,0.4785,0.4789,272315.0,0.47894,0.47927,-1.0
2023-05-01 04:05:00,0.4789,0.4789,0.4757,0.4764,1807800.0,0.47842,0.47906000000000004,1.0
2023-05-01 04:10:00,0.4764,0.4774,0.4763,0.4769,470863.0,0.47804,0.47885999999999995,-1.0
2023-05-01 04:15:00,0.4769,0.4772,0.4741,0.4747,1776630.0,0.47714,0.47858,1.0
2023-05-01 04:20:00,0.4748,0.475,0.4734,0.4748,2002390.0,0.47634,0.47831999999999997,0.0
2023-05-01 04:25:00,0.4749,0.4753,0.4742,0.4752,711039.0,0.4756,0.4781000000000001,-1.0
2023-05-01 04:30:00,0.4753,0.4753,0.4739,0.4745,704036.0,0.47522000000000003,0.477865,1.0
2023-05-01 04:35:00,0.4745,0.4748,0.474,0.4748,536318.0,0.4748,0.477665,-1.0
2023-05-01 04:40:00,0.4747,0.4759,0.4747,0.4759,371757.0,0.47504,0.47757999999999995,-1.0
2023-05-01 04:45:00,0.4758,0.476,0.4752,0.476,353808.0,0.47528,0.47747,-1.0
2023-05-01 04:50:00,0.476,0.4761,0.4756,0.4758,325845.0,0.47539999999999993,0.47729999999999995,1.0
2023-05-01 04:55:00,0.4757,0.4758,0.4753,0.4756,249467.0,0.47562,0.47711499999999996,1.0
2023-05-01 05:00:00,0.4756,0.4756,0.4724,0.4733,2238700.0,0.47531999999999996,0.47681499999999993,1.0
2023-05-01 05:05:00,0.4732,0.4732,0.4712,0.4725,2723640.0,0.47464000000000006,0.47646499999999997,1.0
2023-05-01 05:10:00,0.4724,0.4724,0.469,0.4706,3146740.0,0.47356,0.47604500000000005,1.0
2023-05-01 05:15:00,0.4707,0.4708,0.4687,0.4704,2099090.0,0.47248,0.475605,1.0
2023-05-01 05:20:00,0.4703,0.4711,0.4692,0.471,1714200.0,0.47156000000000003,0.47520500000000004,-1.0
2023-05-01 05:25:00,0.4709,0.4719,0.4709,0.4718,656151.0,0.47126,0.4748550000000001,-1.0
2023-05-01 05:30:00,0.4718,0.4718,0.471,0.4717,734449.0,0.47109999999999996,0.47447999999999996,1.0
2023-05-01 05:35:00,0.4717,0.4717,0.4711,0.4715,751520.0,0.47128,0.474115,1.0
2023-05-01 05:40:00,0.4715,0.4719,0.4711,0.4719,505140.0,0.47158,0.47376499999999994,-1.0
2023-05-01 05:45:00,0.4719,0.4726,0.4716,0.4725,1921070.0,0.47187999999999997,0.47356999999999994,-1.0
2023-05-01 05:50:00,0.4726,0.473,0.4723,0.4728,800766.0,0.47207999999999994,0.473365,-1.0
2023-05-01 05:55:00,0.4729,0.4732,0.4726,0.4731,735986.0,0.47235999999999995,0.473285,-1.0
2023-05-01 06:00:00,0.4731,0.4739,0.4728,0.4739,639431.0,0.47284000000000004,0.47324,-1.0
2023-05-01 06:05:00,0.4738,0.4743,0.4736,0.4742,955753.0,0.47329999999999994,0.47318999999999994,-1.0
2023-05-01 06:10:00,0.4741,0.4743,0.474,0.474,211399.0,0.47359999999999997,0.473165,1.0
2023-05-01 06:15:00,0.474,0.4741,0.4733,0.4741,571988.0,0.47386,0.47313,-1.0
2023-05-01 06:20:00,0.474,0.4742,0.4736,0.4738,326893.0,0.47400000000000003,0.4730250000000001,1.0
2023-05-01 06:25:00,0.4738,0.4743,0.4737,0.4742,330212.0,0.47406,0.472935,-1.0
2023-05-01 06:30:00,0.4742,0.4743,0.4738,0.474,167825.0,0.47402,0.47284500000000007,1.0
2023-05-01 06:35:00,0.474,0.4742,0.474,0.4741,294245.0,0.47404,0.47277,-1.0
2023-05-01 06:40:00,0.4742,0.4742,0.4737,0.4738,403109.0,0.47398000000000007,0.47279499999999997,1.0
2023-05-01 06:45:00,0.4738,0.4738,0.4737,0.4737,102110.0,0.47395999999999994,0.472855,1.0
2023-05-01 06:50:00,0.4737,0.4741,0.4737,0.474,283232.0,0.47392,0.473025,-1.0
2023-05-01 06:55:00,0.4741,0.4742,0.4737,0.4738,239664.0,0.47387999999999997,0.4731949999999999,1.0
2023-05-01 07:00:00,0.4738,0.4738,0.4732,0.4736,540098.0,0.47378,0.473325,1.0
2023-05-01 07:05:00,0.4736,0.4738,0.4732,0.4733,280276.0,0.47368,0.4734,1.0
2023-05-01 07:10:00,0.4732,0.4734,0.4729,0.4734,504450.0,0.47362000000000004,0.47348500000000004,-1.0
2023-05-01 07:15:00,0.4735,0.4736,0.473,0.4735,405639.0,0.47352,0.47358500000000003,0.0
2023-05-01 07:20:00,0.4736,0.4737,0.4729,0.4732,196606.0,0.4734,0.47365,1.0
2023-05-01 07:25:00,0.4731,0.4733,0.4727,0.4729,255301.0,0.47325999999999996,0.47367,1.0
2023-05-01 07:30:00,0.473,0.4731,0.4725,0.4729,487539.0,0.47318,0.47367500000000007,1.0
2023-05-01 07:35:00,0.473,0.4733,0.4726,0.4728,247756.0,0.47306,0.47366,1.0
2023-05-01 07:40:00,0.4727,0.4729,0.4727,0.4727,138537.0,0.4729,0.47359999999999997,0.0
2023-05-01 07:45:00,0.4728,0.473,0.4726,0.473,412411.0,0.47286,0.47354,-1.0
2023-05-01 07:50:00,0.473,0.4733,0.4729,0.4732,328252.0,0.47291999999999995,0.47350000000000003,-1.0
2023-05-01 07:55:00,0.4733,0.4735,0.473,0.4733,406424.0,0.47300000000000003,0.47346000000000005,0.0
2023-05-01 08:00:00,0.4733,0.4734,0.4726,0.4731,651075.0,0.47306,0.47342499999999993,1.0
2023-05-01 08:05:00,0.4731,0.4746,0.473,0.4746,561183.0,0.47343999999999997,0.473445,-1.0
2023-05-01 08:10:00,0.4746,0.4751,0.4742,0.4742,379459.0,0.47368000000000005,0.47345499999999996,1.0
2023-05-01 08:15:00,0.4743,0.4744,0.4727,0.4733,532082.0,0.4737,0.473415,1.0
2023-05-01 08:20:00,0.4733,0.4737,0.4731,0.4736,325737.0,0.47376000000000007,0.47340499999999996,-1.0
2023-05-01 08:25:00,0.4736,0.474,0.4735,0.4739,412716.0,0.47392,0.473415,-1.0
2023-05-01 08:30:00,0.4739,0.4742,0.4736,0.4742,215165.0,0.47384000000000004,0.47342499999999993,-1.0
2023-05-01 08:35:00,0.4741,0.4746,0.4739,0.4745,230228.0,0.4739,0.47346000000000005,-1.0
2023-05-01 08:40:00,0.4745,0.4747,0.4741,0.4742,365491.0,0.47408,0.47348999999999997,1.0
2023-05-01 08:45:00,0.4742,0.4742,0.4719,0.4722,2346430.0,0.47380000000000005,0.473435,1.0
2023-05-01 08:50:00,0.4722,0.4722,0.4715,0.4715,2040860.0,0.47332,0.47334,1.0
2023-05-01 08:55:00,0.4715,0.4716,0.4701,0.4705,2080400.0,0.47257999999999994,0.47318999999999994,1.0
2023-05-01 09:00:00,0.4705,0.4714,0.4697,0.4712,4665660.0,0.47192,0.47309,-1.0
2023-05-01 09:05:00,0.4712,0.472,0.4708,0.472,3226720.0,0.47148,0.47304500000000005,-1.0
2023-05-01 09:10:00,0.472,0.4723,0.4717,0.472,1360260.0,0.47143999999999997,0.473,0.0
2023-05-01 09:15:00,0.472,0.4722,0.4716,0.4716,1415410.0,0.47146,0.47294,1.0
2023-05-01 09:20:00,0.4715,0.4721,0.4715,0.472,913502.0,0.47176,0.472905,-1.0
2023-05-01 09:25:00,0.472,0.4724,0.4719,0.4722,1672660.0,0.47196,0.472865,-1.0
2023-05-01 09:30:00,0.4721,0.4723,0.4721,0.4723,423304.0,0.47202,0.4728199999999999,-1.0
2023-05-01 09:35:00,0.4722,0.4723,0.4717,0.4719,976576.0,0.472,0.47275,1.0
2023-05-01 09:40:00,0.4719,0.472,0.4715,0.4717,1922680.0,0.47202,0.47268,1.0
2023-05-01 09:45:00,0.4717,0.4719,0.4713,0.4715,1557360.0,0.47192,0.472525,1.0
2023-05-01 09:50:00,0.4716,0.4716,0.4708,0.471,1249800.0,0.47168,0.47236500000000003,1.0
2023-05-01 09:55:00,0.471,0.4711,0.4708,0.4711,1525350.0,0.47143999999999997,0.472255,-1.0
2023-05-01 10:00:00,0.4711,0.4713,0.471,0.4711,847638.0,0.47128000000000003,0.47213000000000005,0.0
2023-05-01 10:05:00,0.4711,0.4712,0.4708,0.471,758901.0,0.47113999999999995,0.471985,1.0
2023-05-01 10:10:00,0.4709,0.4712,0.47,0.4703,1600140.0,0.4709,0.47179000000000004,1.0
2023-05-01 10:15:00,0.4704,0.4708,0.4691,0.4692,2171220.0,0.47054,0.471525,1.0
2023-05-01 10:20:00,0.4692,0.4697,0.4691,0.4696,1191690.0,0.47024,0.471295,-1.0
2023-05-01 10:25:00,0.4695,0.4703,0.4693,0.4702,1396930.0,0.47006,0.471195,-1.0
2023-05-01 10:30:00,0.4702,0.4705,0.4701,0.4702,1126510.0,0.4699,0.47113000000000005,0.0
2023-05-01 10:35:00,0.4701,0.4704,0.4608,0.4623,9558280.0,0.4683,0.47072,1.0
2023-05-01 10:40:00,0.4624,0.4627,0.4591,0.461,6854380.0,0.46665999999999996,0.47020999999999996,1.0
2023-05-01 10:45:00,0.4608,0.4632,0.4599,0.4629,7223960.0,0.46532,0.469755,-1.0
2023-05-01 10:50:00,0.4629,0.4633,0.4611,0.4633,6425780.0,0.46394,0.46932,-1.0
2023-05-01 10:55:00,0.4632,0.4637,0.4618,0.4633,1799900.0,0.46256,0.468905,-1.0
2023-05-01 11:00:00,0.4632,0.4641,0.4615,0.4639,1744620.0,0.46288,0.4685,-1.0
2023-05-01 11:05:00,0.4638,0.464,0.4627,0.4639,1179710.0,0.46346,0.468085,-1.0
2023-05-01 11:10:00,0.4639,0.4646,0.4633,0.4642,1304250.0,0.46372,0.46768,-1.0
2023-05-01 11:15:00,0.4642,0.4646,0.4638,0.4644,1891320.0,0.46394,0.46730499999999997,-1.0
2023-05-01 11:20:00,0.4643,0.4646,0.4638,0.464,982751.0,0.46408000000000005,0.46692,1.0
2023-05-01 11:25:00,0.4641,0.4645,0.4632,0.4634,1657790.0,0.46398,0.46651499999999996,1.0
2023-05-01 11:30:00,0.4633,0.4644,0.4633,0.4639,1229880.0,0.46398,0.46616,-1.0
2023-05-01 11:35:00,0.4638,0.464,0.4633,0.4634,1278000.0,0.46382,0.465775,1.0
2023-05-01 11:40:00,0.4633,0.4633,0.4623,0.4625,1483610.0,0.46343999999999996,0.465345,1.0
2023-05-01 11:45:00,0.4625,0.4626,0.4619,0.462,1150170.0,0.46304,0.464895,1.0
2023-05-01 11:50:00,0.462,0.462,0.4611,0.4612,1038740.0,0.46259999999999996,0.46444,1.0
2023-05-01 11:55:00,0.4612,0.4615,0.4605,0.4606,1130900.0,0.46193999999999996,0.4640099999999999,1.0
2023-05-01 12:00:00,0.4605,0.462,0.4605,0.4619,1406680.0,0.46163999999999994,0.46362499999999995,-1.0
2023-05-01 12:05:00,0.4618,0.4627,0.4617,0.4622,1463310.0,0.46158,0.463225,-1.0
2023-05-01 12:10:00,0.4621,0.4622,0.4618,0.4621,720268.0,0.46159999999999995,0.46281999999999995,0.0
2023-05-01 12:15:00,0.462,0.4634,0.4614,0.4627,1240880.0,0.4619,0.46284000000000003,-1.0
2023-05-01 12:20:00,0.4626,0.4635,0.4626,0.4635,547184.0,0.46248000000000006,0.46296499999999996,-1.0
2023-05-01 12:25:00,0.4634,0.464,0.4631,0.4638,1193860.0,0.46286000000000005,0.46301000000000003,-1.0
2023-05-01 12:30:00,0.4639,0.4639,0.4632,0.4636,750355.0,0.46314,0.463025,1.0
2023-05-01 12:35:00,0.4635,0.4638,0.4634,0.4638,484730.0,0.46348,0.46304999999999996,-1.0
2023-05-01 12:40:00,0.4637,0.4643,0.4637,0.4643,526877.0,0.4638,0.4630699999999999,-1.0
2023-05-01 12:45:00,0.4643,0.4646,0.4641,0.4645,566246.0,0.46399999999999997,0.4631,-1.0
2023-05-01 12:50:00,0.4645,0.465,0.4642,0.465,639149.0,0.46424000000000004,0.46314,-1.0
2023-05-01 12:55:00,0.4649,0.4651,0.4647,0.4648,678135.0,0.46448,0.46316000000000007,1.0
2023-05-01 13:00:00,0.4647,0.4648,0.4642,0.4645,895447.0,0.46462000000000003,0.463185,1.0
2023-05-01 13:05:00,0.4644,0.465,0.4644,0.465,883333.0,0.46475999999999995,0.463265,-1.0
2023-05-01 13:10:00,0.465,0.4651,0.4645,0.4651,1103880.0,0.46488000000000007,0.46332500000000004,-1.0
2023-05-01 13:15:00,0.465,0.4653,0.4649,0.4653,760279.0,0.46494,0.46342,-1.0
2023-05-01 13:20:00,0.4653,0.4653,0.4645,0.4646,770590.0,0.4649,0.463525,1.0
2023-05-01 13:25:00,0.4646,0.4647,0.4636,0.4637,1253870.0,0.46474000000000004,0.46360999999999997,1.0
2023-05-01 13:30:00,0.4636,0.4639,0.4631,0.4638,1986170.0,0.46449999999999997,0.46373999999999993,-1.0
2023-05-01 13:35:00,0.4637,0.4648,0.4635,0.4648,793811.0,0.46444,0.46395,-1.0
2023-05-01 13:40:00,0.4648,0.4652,0.4647,0.4652,478025.0,0.46441999999999994,0.46411500000000006,-1.0
2023-05-01 13:45:00,0.4651,0.4653,0.4648,0.4653,477421.0,0.46456,0.46426999999999996,-1.0
2023-05-01 13:50:00,0.4653,0.4653,0.4651,0.4652,743343.0,0.46486,0.464425,1.0
2023-05-01 13:55:00,0.4652,0.4653,0.465,0.4653,528678.0,0.46516,0.464555,-1.0
2023-05-01 14:00:00,0.4653,0.4654,0.4649,0.4651,566469.0,0.4652200000000001,0.464635,1.0
2023-05-01 14:05:00,0.4651,0.4654,0.465,0.4651,1460310.0,0.4652,0.46469999999999995,0.0
2023-05-01 14:10:00,0.465,0.4655,0.465,0.4653,1120090.0,0.4652,0.464785,-1.0
2023-05-01 14:15:00,0.4653,0.4655,0.465,0.4652,1261180.0,0.4652,0.464855,1.0
2023-05-01 14:20:00,0.4652,0.4653,0.4651,0.4653,689851.0,0.4652,0.46490500000000007,-1.0
2023-05-01 14:25:00,0.4652,0.4652,0.4647,0.4648,821833.0,0.46514,0.46491999999999994,1.0
2023-05-01 14:30:00,0.4648,0.4648,0.4641,0.4645,1001200.0,0.46502,0.464895,1.0
2023-05-01 14:35:00,0.4644,0.4647,0.464,0.4647,647741.0,0.4649,0.46489,-1.0
2023-05-01 14:40:00,0.4646,0.4649,0.4619,0.4647,1892370.0,0.4648,0.4649,-1.0
2023-05-01 14:45:00,0.4647,0.4653,0.4641,0.4652,1084380.0,0.46478,0.46491000000000005,-1.0
2023-05-01 14:50:00,0.4652,0.4655,0.4649,0.4652,1288140.0,0.46486,0.46491499999999997,0.0
2023-05-01 14:55:00,0.4652,0.4655,0.4651,0.4654,799376.0,0.46504,0.46492000000000006,-1.0
2023-05-01 15:00:00,0.4654,0.4654,0.4647,0.465,680574.0,0.46509999999999996,0.46494,1.0
2023-05-01 15:05:00,0.4649,0.4655,0.4649,0.4652,1621330.0,0.4652,0.465015,-1.0
2023-05-01 15:10:00,0.4652,0.4653,0.4648,0.4649,752574.0,0.46514,0.46507000000000004,1.0
2023-05-01 15:15:00,0.4648,0.4651,0.4647,0.4649,734797.0,0.46508000000000005,0.465075,-1.0
2023-05-01 15:20:00,0.4648,0.4649,0.4646,0.4647,440390.0,0.46494,0.46505,1.0
2023-05-01 15:25:00,0.4646,0.4652,0.4646,0.4651,707734.0,0.46495999999999993,0.46504,-1.0
2023-05-01 15:30:00,0.465,0.4652,0.4649,0.4652,538808.0,0.46495999999999993,0.46504,-1.0
2023-05-01 15:35:00,0.4652,0.4652,0.4644,0.4646,779320.0,0.4649,0.465005,1.0
2023-05-01 15:40:00,0.4645,0.4648,0.4644,0.4646,985707.0,0.46484,0.46498,-1.0
2023-05-01 15:45:00,0.4645,0.4646,0.4636,0.4638,1214980.0,0.46466,0.4649150000000001,1.0
2023-05-01 15:50:00,0.4638,0.4643,0.4633,0.4635,1058880.0,0.46434,0.464825,1.0
2023-05-01 15:55:00,0.4634,0.4635,0.463,0.4634,1522050.0,0.46398,0.464735,0.0
2023-05-01 16:00:00,0.4633,0.4636,0.4628,0.4631,1408130.0,0.46368,0.46462499999999995,1.0
2023-05-01 16:05:00,0.463,0.4643,0.463,0.464,1430420.0,0.46356,0.464585,-1.0
2023-05-01 16:10:00,0.4639,0.4643,0.4637,0.4642,499636.0,0.46364,0.46457,-1.0
2023-05-01 16:15:00,0.4641,0.465,0.4641,0.4647,797372.0,0.46387999999999996,0.46457,-1.0
2023-05-01 16:20:00,0.4647,0.465,0.4645,0.4647,674278.0,0.46414,0.46457000000000004,0.0
2023-05-01 16:25:00,0.4647,0.4651,0.4646,0.465,639312.0,0.46452,0.46456,-1.0
2023-05-01 16:30:00,0.4649,0.4652,0.4646,0.4649,647825.0,0.4647,0.46454500000000004,0.0
2023-05-01 16:35:00,0.4648,0.4653,0.4648,0.4652,804427.0,0.4649,0.464535,-1.0
2023-05-01 16:40:00,0.4651,0.4653,0.4648,0.4651,455242.0,0.46498,0.46453999999999995,0.0
2023-05-01 16:45:00,0.4651,0.4651,0.4643,0.4644,866478.0,0.46491999999999994,0.46449999999999997,1.0
2023-05-01 16:50:00,0.4643,0.4643,0.4635,0.4636,1030590.0,0.46464,0.46443500000000004,1.0
2023-05-01 16:55:00,0.4635,0.4636,0.463,0.4631,698579.0,0.46428,0.46434499999999995,1.0
2023-05-01 17:00:00,0.4631,0.4635,0.4626,0.4627,1047470.0,0.46378,0.4642449999999999,1.0
2023-05-01 17:05:00,0.4627,0.4629,0.4624,0.4629,1327890.0,0.46334,0.464135,-1.0
2023-05-01 17:10:00,0.4629,0.4636,0.4627,0.4636,824732.0,0.46318000000000004,0.464055,-1.0
2023-05-01 17:15:00,0.4636,0.4636,0.4631,0.4635,550844.0,0.46315999999999996,0.46399999999999997,1.0
2023-05-01 17:20:00,0.4634,0.4643,0.4634,0.4643,613191.0,0.46340000000000003,0.463985,-1.0
2023-05-01 17:25:00,0.4643,0.4646,0.4641,0.4645,591805.0,0.46376,0.46402,-1.0
2023-05-01 17:30:00,0.4644,0.4645,0.4642,0.4645,638839.0,0.46408000000000005,0.46407,-1.0
2023-05-01 17:35:00,0.4645,0.4645,0.4639,0.464,588791.0,0.46416,0.4641,1.0
2023-05-01 17:40:00,0.464,0.464,0.4638,0.4639,651238.0,0.46424000000000004,0.4641400000000001,1.0
2023-05-01 17:45:00,0.4638,0.4643,0.4638,0.4642,705431.0,0.46421999999999997,0.46415000000000006,-1.0
2023-05-01 17:50:00,0.4642,0.4642,0.4635,0.4638,593236.0,0.46408000000000005,0.46413000000000004,1.0
2023-05-01 17:55:00,0.4638,0.4649,0.4637,0.4648,666190.0,0.46414,0.464135,-1.0
2023-05-01 18:00:00,0.4648,0.4648,0.4647,0.4648,433432.0,0.4643,0.46414,0.0
2023-05-01 18:05:00,0.4647,0.465,0.4645,0.4648,657568.0,0.46448,0.46412999999999993,-1.0
2023-05-01 18:10:00,0.4648,0.4651,0.4647,0.4649,501759.0,0.46462000000000003,0.46412999999999993,-1.0
2023-05-01 18:15:00,0.465,0.4652,0.4649,0.4652,566326.0,0.4649,0.46413000000000004,-1.0
2023-05-01 18:20:00,0.4651,0.4654,0.465,0.465,1540420.0,0.46494,0.464125,1.0
2023-05-01 18:25:00,0.4651,0.4652,0.4647,0.4649,658437.0,0.46496000000000004,0.46415000000000006,1.0
2023-05-01 18:30:00,0.4649,0.4652,0.4646,0.4648,461019.0,0.46495999999999993,0.46421,1.0
2023-05-01 18:35:00,0.4648,0.4652,0.4644,0.4651,963300.0,0.465,0.46431000000000006,-1.0
2023-05-01 18:40:00,0.4651,0.4652,0.4642,0.4646,525842.0,0.46487999999999996,0.464405,1.0
2023-05-01 18:45:00,0.4646,0.4656,0.4645,0.465,2277300.0,0.46487999999999996,0.4645099999999999,-1.0
2023-05-01 18:50:00,0.465,0.4652,0.4649,0.4651,595955.0,0.46492000000000006,0.464585,-1.0
2023-05-01 18:55:00,0.465,0.4654,0.4648,0.4649,1526870.0,0.46494,0.46465500000000004,1.0
2023-05-01 19:00:00,0.4648,0.4652,0.4648,0.4651,590410.0,0.46494,0.464695,-1.0
2023-05-01 19:05:00,0.465,0.4652,0.4648,0.4649,859211.0,0.465,0.464715,1.0
2023-05-01 19:10:00,0.4649,0.4652,0.4649,0.4652,384403.0,0.46503999999999995,0.46475,-1.0
2023-05-01 19:15:00,0.4651,0.4653,0.4648,0.4649,763051.0,0.46499999999999997,0.46479499999999996,1.0
2023-05-01 19:20:00,0.4649,0.4651,0.4648,0.465,494690.0,0.46502,0.46485000000000004,-1.0
2023-05-01 19:25:00,0.465,0.465,0.4644,0.4646,835268.0,0.46491999999999994,0.46487,1.0
2023-05-01 19:30:00,0.4646,0.4648,0.4645,0.4646,611991.0,0.46486,0.46491,0.0
2023-05-01 19:35:00,0.4645,0.4648,0.4644,0.4646,680213.0,0.46474000000000004,0.4649,-1.0
2023-05-01 19:40:00,0.4646,0.465,0.4644,0.465,639365.0,0.46475999999999995,0.46491,-1.0
2023-05-01 19:45:00,0.465,0.4651,0.4647,0.4649,806191.0,0.46474000000000004,0.4649150000000001,1.0
2023-05-01 19:50:00,0.4648,0.4651,0.4645,0.4649,944921.0,0.4648,0.4649150000000001,-1.0
2023-05-01 19:55:00,0.4649,0.465,0.4648,0.465,500304.0,0.46488000000000007,0.464905,-1.0
2023-05-01 20:00:00,0.465,0.4652,0.4649,0.4652,593983.0,0.465,0.46491499999999997,-1.0
2023-05-01 20:05:00,0.4651,0.4652,0.465,0.4651,900947.0,0.46502,0.4649249999999999,0.0
2023-05-01 20:10:00,0.465,0.4651,0.4646,0.4647,544892.0,0.46498,0.46491999999999994,1.0
2023-05-01 20:15:00,0.4647,0.4647,0.4643,0.4644,491851.0,0.46487999999999996,0.46488499999999994,1.0
2023-05-01 20:20:00,0.4643,0.4648,0.4643,0.4648,499251.0,0.46484000000000003,0.464895,-1.0
2023-05-01 20:25:00,0.4648,0.4652,0.4646,0.4652,726656.0,0.46484,0.46490500000000007,-1.0
2023-05-01 20:30:00,0.4652,0.4653,0.465,0.4651,722260.0,0.46484,0.464905,1.0
2023-05-01 20:35:00,0.4651,0.4653,0.4649,0.4651,593533.0,0.46492000000000006,0.46491499999999997,0.0
2023-05-01 20:40:00,0.4652,0.4653,0.4651,0.4653,556849.0,0.46509999999999996,0.46492500000000003,-1.0
2023-05-01 20:45:00,0.4653,0.4653,0.465,0.4652,593864.0,0.46518,0.46494,1.0
2023-05-01 20:50:00,0.4652,0.4653,0.4651,0.4652,801681.0,0.46518,0.46494,0.0
2023-05-01 20:55:00,0.4651,0.4652,0.4649,0.4651,503443.0,0.46518,0.46495,0.0
2023-05-01 21:00:00,0.4651,0.4651,0.4643,0.4647,662654.0,0.46509999999999996,0.464935,1.0
2023-05-01 21:05:00,0.4647,0.4651,0.4647,0.465,488278.0,0.46504,0.46495499999999995,-1.0
2023-05-01 21:10:00,0.4649,0.4655,0.4649,0.4654,1796390.0,0.46508000000000005,0.46499500000000005,-1.0
2023-05-01 21:15:00,0.4653,0.4661,0.4652,0.4657,2181820.0,0.46518000000000004,0.46505,-1.0
2023-05-01 21:20:00,0.4657,0.466,0.4648,0.4649,2852170.0,0.46514,0.46504500000000004,1.0
2023-05-01 21:25:00,0.4649,0.4652,0.4647,0.4652,668972.0,0.46524,0.46506,-1.0
2023-05-01 21:30:00,0.4651,0.4652,0.4648,0.4652,576832.0,0.46528,0.46507499999999996,-1.0
2023-05-01 21:35:00,0.4652,0.4667,0.4651,0.4666,1449420.0,0.46552,0.46515500000000004,-1.0
2023-05-01 21:40:00,0.4666,0.4675,0.4666,0.4666,1476980.0,0.4657,0.46522500000000006,0.0
2023-05-01 21:45:00,0.4665,0.4666,0.466,0.4663,748936.0,0.46597999999999995,0.46528500000000006,1.0
2023-05-01 21:50:00,0.4662,0.4665,0.4661,0.4663,562677.0,0.4662,0.465365,-1.0
2023-05-01 21:55:00,0.4662,0.4665,0.4659,0.4662,753111.0,0.4664,0.46545500000000006,0.0
2023-05-01 22:00:00,0.4662,0.4662,0.4659,0.4662,762256.0,0.46631999999999996,0.4655250000000001,0.0
2023-05-01 22:05:00,0.4661,0.4662,0.466,0.4662,583870.0,0.46624,0.46557499999999996,-1.0
2023-05-01 22:10:00,0.4662,0.4662,0.4659,0.466,932463.0,0.46618000000000004,0.46562000000000003,1.0
2023-05-01 22:15:00,0.466,0.466,0.4652,0.4656,1615540.0,0.46604,0.46564500000000003,1.0
2023-05-01 22:20:00,0.4655,0.4657,0.4655,0.4656,909364.0,0.46592,0.4656599999999999,-1.0
2023-05-01 22:25:00,0.4655,0.4658,0.4653,0.4655,1371820.0,0.46577999999999997,0.46567499999999995,0.0
2023-05-01 22:30:00,0.4655,0.4655,0.4639,0.4644,1133980.0,0.46541999999999994,0.46563499999999997,1.0
2023-05-01 22:35:00,0.4644,0.4646,0.4639,0.4644,1077130.0,0.46509999999999996,0.46560000000000007,0.0
2023-05-01 22:40:00,0.4643,0.4644,0.4631,0.4636,1097970.0,0.4647,0.465545,1.0
2023-05-01 22:45:00,0.4636,0.4647,0.4633,0.4647,1149360.0,0.46452,0.46553000000000005,-1.0
2023-05-01 22:50:00,0.4646,0.4649,0.464,0.4647,875080.0,0.46436,0.46549499999999994,-1.0
2023-05-01 22:55:00,0.4646,0.4647,0.463,0.4635,1076350.0,0.46418,0.46538500000000005,1.0
2023-05-01 23:00:00,0.4634,0.464,0.4606,0.4633,4378940.0,0.46396,0.46530499999999997,1.0
2023-05-01 23:05:00,0.4633,0.464,0.4632,0.4637,1693660.0,0.46398,0.46523000000000003,-1.0
2023-05-01 23:10:00,0.4637,0.4641,0.4632,0.4637,1193760.0,0.46378,0.46515500000000004,0.0
2023-05-01 23:15:00,0.4637,0.4646,0.4635,0.4643,931159.0,0.46370000000000006,0.46503999999999995,-1.0
2023-05-01 23:20:00,0.4642,0.4642,0.4623,0.4628,1061450.0,0.46356,0.46484999999999993,1.0
2023-05-01 23:25:00,0.4627,0.4639,0.4624,0.4635,944453.0,0.4636,0.46471,-1.0
2023-05-01 23:30:00,0.4635,0.464,0.4632,0.4634,642973.0,0.46353999999999995,0.46456500000000006,1.0
2023-05-01 23:35:00,0.4633,0.4636,0.463,0.4633,758030.0,0.46346,0.46441999999999994,0.0
2023-05-01 23:40:00,0.4633,0.4633,0.4625,0.4626,1587760.0,0.46312,0.46423999999999993,1.0
2023-05-01 23:45:00,0.4625,0.463,0.4625,0.4629,1682180.0,0.46314,0.46407500000000007,-1.0
2023-05-01 23:50:00,0.4629,0.4632,0.4627,0.4629,1043490.0,0.46301999999999993,0.46392,0.0
2023-05-01 23:55:00,0.4628,0.463,0.4623,0.4625,1394170.0,0.46284000000000003,0.463765,1.0
2023-05-02 00:00:00,0.4624,0.4626,0.4614,0.4618,1760500.0,0.46254,0.46357500000000007,1.0
2023-05-02 00:05:00,0.4617,0.4622,0.4614,0.4614,1391410.0,0.46229999999999993,0.46337,1.0
2023-05-02 00:10:00,0.4613,0.4614,0.4606,0.4608,1850560.0,0.46188,0.4631900000000001,1.0
2023-05-02 00:15:00,0.4607,0.4612,0.4593,0.4608,3696610.0,0.4614599999999999,0.46301,-1.0
2023-05-02 00:20:00,0.4607,0.4608,0.4593,0.4598,3542680.0,0.46091999999999994,0.46281999999999995,1.0
2023-05-02 00:25:00,0.4598,0.4604,0.4579,0.4588,3620940.0,0.46032,0.46252499999999996,1.0
2023-05-02 00:30:00,0.4587,0.4601,0.4582,0.4594,1971420.0,0.45992,0.46226,-1.0
2023-05-02 00:35:00,0.4594,0.4599,0.4591,0.4592,2453010.0,0.4596,0.462045,1.0
2023-05-02 00:40:00,0.4592,0.4594,0.4584,0.4591,1323270.0,0.45926,0.46183500000000005,1.0
2023-05-02 00:45:00,0.4592,0.4602,0.4591,0.46,1332180.0,0.4593,0.46164999999999995,-1.0
2023-05-02 00:50:00,0.46,0.4603,0.4597,0.4603,1484510.0,0.4596,0.46148,-1.0
2023-05-02 00:55:00,0.4603,0.4604,0.4599,0.4603,1498660.0,0.45978,0.46128,0.0
2023-05-02 01:00:00,0.4602,0.4611,0.4602,0.4611,1460400.0,0.46016,0.461195,-1.0
2023-05-02 01:05:00,0.4611,0.4613,0.4592,0.4592,1774510.0,0.46018,0.46098,1.0
2023-05-02 01:10:00,0.4593,0.4594,0.4566,0.4578,3727270.0,0.45974000000000004,0.46069999999999994,1.0
2023-05-02 01:15:00,0.4577,0.4592,0.4572,0.4588,1541860.0,0.45944,0.460475,-1.0
2023-05-02 01:20:00,0.4588,0.4588,0.4565,0.4573,1651340.0,0.45884,0.46021,1.0
2023-05-02 01:25:00,0.4572,0.4583,0.4563,0.4578,2128270.0,0.45818000000000003,0.459955,-1.0
2023-05-02 01:30:00,0.4577,0.459,0.4577,0.459,880040.0,0.45814000000000005,0.45976,-1.0
2023-05-02 01:35:00,0.4591,0.4591,0.4586,0.4589,876290.0,0.45836,0.45958,1.0
2023-05-02 01:40:00,0.4589,0.4592,0.4588,0.459,564360.0,0.4584,0.45943999999999996,-1.0
2023-05-02 01:45:00,0.4589,0.4592,0.4586,0.4588,1070630.0,0.4587,0.45931,1.0
2023-05-02 01:50:00,0.4588,0.4597,0.4587,0.4597,665489.0,0.45908,0.4592549999999999,-1.0
2023-05-02 01:55:00,0.4597,0.4609,0.4597,0.4607,972438.0,0.45942,0.45925000000000005,-1.0
2023-05-02 02:00:00,0.4607,0.4615,0.4607,0.4609,1075750.0,0.45982,0.45930499999999996,-1.0
2023-05-02 02:05:00,0.4609,0.4613,0.4603,0.4606,1228580.0,0.46014,0.45939500000000005,1.0
2023-05-02 02:10:00,0.4606,0.4606,0.46,0.4603,832661.0,0.46044,0.45944,1.0
2023-05-02 02:15:00,0.4603,0.4606,0.4597,0.4598,1321200.0,0.46046,0.45947000000000005,1.0
2023-05-02 02:20:00,0.4598,0.46,0.4596,0.4597,1061740.0,0.46026,0.45949999999999996,1.0
2023-05-02 02:25:00,0.4597,0.4598,0.4578,0.4579,1612040.0,0.45965999999999996,0.45939500000000005,1.0
2023-05-02 02:30:00,0.4579,0.459,0.4579,0.4588,1089730.0,0.4593,0.45932000000000006,-1.0
2023-05-02 02:35:00,0.4588,0.4591,0.4585,0.4591,1258350.0,0.4590599999999999,0.45926,-1.0
2023-05-02 02:40:00,0.459,0.4595,0.459,0.4593,951085.0,0.45896,0.45917,-1.0
2023-05-02 02:45:00,0.4593,0.4599,0.4593,0.4596,677414.0,0.45894,0.45919,-1.0
2023-05-02 02:50:00,0.4596,0.4597,0.4592,0.4593,900544.0,0.45922,0.459265,1.0
2023-05-02 02:55:00,0.4593,0.4593,0.4588,0.459,879894.0,0.45926,0.45927500000000004,1.0
2023-05-02 03:00:00,0.459,0.4591,0.4587,0.4588,568653.0,0.45919999999999994,0.45935,1.0
2023-05-02 03:05:00,0.4587,0.4593,0.4587,0.4592,766661.0,0.45918000000000003,0.45942,-1.0
2023-05-02 03:10:00,0.4591,0.4592,0.4586,0.459,655454.0,0.45906,0.45942,1.0
2023-05-02 03:15:00,0.4589,0.459,0.4581,0.4586,589870.0,0.45892,0.459405,1.0
2023-05-02 03:20:00,0.4585,0.4595,0.4585,0.4595,772960.0,0.45902000000000004,0.45943000000000006,-1.0
2023-05-02 03:25:00,0.4594,0.4598,0.4593,0.4598,539203.0,0.45922,0.45948,-1.0
2023-05-02 03:30:00,0.4597,0.4599,0.4585,0.4587,862844.0,0.4591200000000001,0.45943000000000006,1.0
2023-05-02 03:35:00,0.4587,0.4592,0.458,0.4587,1768510.0,0.45906,0.45933,0.0
2023-05-02 03:40:00,0.4587,0.4589,0.4582,0.4583,463953.0,0.45899999999999996,0.45920000000000005,1.0
2023-05-02 03:45:00,0.4583,0.4595,0.4582,0.4595,564515.0,0.45899999999999996,0.459145,-1.0
2023-05-02 03:50:00,0.4594,0.46,0.4593,0.4598,532260.0,0.45899999999999996,0.45912,-1.0
2023-05-02 03:55:00,0.4597,0.4604,0.4597,0.4602,684356.0,0.4593,0.45914,-1.0
2023-05-02 04:00:00,0.4601,0.461,0.4601,0.4609,649282.0,0.45974000000000004,0.45919999999999994,-1.0
2023-05-02 04:05:00,0.4608,0.4612,0.4608,0.461,565454.0,0.46028,0.45935499999999996,-1.0
2023-05-02 04:10:00,0.461,0.4612,0.459,0.4593,1669820.0,0.4602399999999999,0.45938,1.0
2023-05-02 04:15:00,0.4592,0.4593,0.4544,0.4555,6282770.0,0.45938,0.45920000000000005,1.0
2023-05-02 04:20:00,0.4555,0.4594,0.4554,0.459,2118880.0,0.45914,0.459185,-1.0
2023-05-02 04:25:00,0.4589,0.4603,0.4585,0.4601,1004500.0,0.45898000000000005,0.45920999999999995,-1.0
2023-05-02 04:30:00,0.46,0.4609,0.4592,0.4597,1921630.0,0.45872,0.45922999999999997,1.0
2023-05-02 04:35:00,0.4597,0.4597,0.4587,0.4591,1072980.0,0.45868000000000003,0.45923500000000006,1.0
2023-05-02 04:40:00,0.459,0.46,0.4585,0.4598,1093400.0,0.45953999999999995,0.45928500000000005,-1.0
2023-05-02 04:45:00,0.4598,0.4609,0.4596,0.46,944031.0,0.45974000000000004,0.45932500000000004,-1.0
2023-05-02 04:50:00,0.46,0.4607,0.4597,0.46,1117760.0,0.45972,0.459375,0.0
2023-05-02 04:55:00,0.4599,0.4605,0.4595,0.4597,892360.0,0.45972,0.45942999999999995,1.0
2023-05-02 05:00:00,0.4596,0.4618,0.4595,0.4617,1273950.0,0.46024000000000004,0.45953999999999995,-1.0
2023-05-02 05:05:00,0.4617,0.4634,0.4616,0.463,1471580.0,0.46088000000000007,0.45969999999999994,-1.0
2023-05-02 05:10:00,0.463,0.463,0.4623,0.4628,868728.0,0.46143999999999996,0.459905,1.0
2023-05-02 05:15:00,0.4627,0.4631,0.4617,0.4618,1030450.0,0.46180000000000004,0.46006,1.0
2023-05-02 05:20:00,0.4617,0.4621,0.461,0.4617,1202900.0,0.4622,0.46023,0.0
2023-05-02 05:25:00,0.4617,0.4622,0.4602,0.4622,1552530.0,0.46230000000000004,0.460365,-1.0
2023-05-02 05:30:00,0.4622,0.4629,0.4621,0.4627,937469.0,0.46224,0.46051000000000003,-1.0
2023-05-02 05:35:00,0.4627,0.4628,0.4617,0.4618,771763.0,0.46204,0.46059,1.0
2023-05-02 05:40:00,0.4617,0.4618,0.4614,0.4615,956427.0,0.46198000000000006,0.46062000000000003,1.0
2023-05-02 05:45:00,0.4614,0.4615,0.4607,0.4609,917497.0,0.46182,0.46061500000000005,1.0
2023-05-02 05:50:00,0.4609,0.4609,0.4593,0.4606,1848600.0,0.4615,0.46068,1.0
2023-05-02 05:55:00,0.4606,0.4606,0.4597,0.4599,1316260.0,0.46094,0.4609,1.0
2023-05-02 06:00:00,0.4598,0.463,0.4598,0.4628,1378920.0,0.46114,0.46109,-1.0
2023-05-02 06:05:00,0.4628,0.4628,0.4614,0.4616,1020230.0,0.46116,0.461165,1.0
2023-05-02 06:10:00,0.4616,0.462,0.4612,0.4616,654751.0,0.46129999999999993,0.46126000000000006,0.0
2023-05-02 06:15:00,0.4615,0.4619,0.461,0.4619,703126.0,0.46155999999999997,0.4614,-1.0
2023-05-02 06:20:00,0.4619,0.4627,0.4615,0.4627,742234.0,0.46212,0.461545,-1.0
2023-05-02 06:25:00,0.4626,0.4629,0.4624,0.4628,599461.0,0.46212,0.46168499999999996,-1.0
2023-05-02 06:30:00,0.4628,0.4637,0.4625,0.4631,1243530.0,0.46242,0.46184000000000003,-1.0
2023-05-02 06:35:00,0.463,0.4632,0.4626,0.4628,641157.0,0.46265999999999996,0.46199500000000004,1.0
2023-05-02 06:40:00,0.4628,0.4629,0.4622,0.4626,843518.0,0.4628,0.46204,1.0
2023-05-02 06:45:00,0.4626,0.4635,0.4625,0.4634,591269.0,0.46294,0.46205999999999997,-1.0
2023-05-02 06:50:00,0.4633,0.4634,0.4627,0.4631,837370.0,0.46299999999999997,0.4620749999999999,1.0
2023-05-02 06:55:00,0.463,0.4633,0.4628,0.4628,743564.0,0.46294,0.462125,1.0
2023-05-02 07:00:00,0.4628,0.4628,0.4618,0.4622,994492.0,0.46281999999999995,0.46215,1.0
2023-05-02 07:05:00,0.4622,0.4627,0.4621,0.4626,736312.0,0.46281999999999995,0.46216999999999997,-1.0
2023-05-02 07:10:00,0.4625,0.4627,0.4623,0.4626,541547.0,0.46265999999999996,0.462165,-1.0
2023-05-02 07:15:00,0.4626,0.4636,0.4626,0.463,650811.0,0.46264000000000005,0.46222499999999994,-1.0
2023-05-02 07:20:00,0.4629,0.463,0.4625,0.4627,628956.0,0.46262,0.46228499999999995,1.0
2023-05-02 07:25:00,0.4626,0.4627,0.4623,0.4626,637004.0,0.4627,0.46236999999999995,0.0
2023-05-02 07:30:00,0.4626,0.463,0.4623,0.4626,600749.0,0.46270000000000006,0.46247,0.0
2023-05-02 07:35:00,0.4625,0.4635,0.4624,0.4634,637744.0,0.46285999999999994,0.4626449999999999,-1.0
2023-05-02 07:40:00,0.4634,0.4645,0.4634,0.4638,1163220.0,0.46301999999999993,0.46269499999999997,-1.0
2023-05-02 07:45:00,0.4637,0.4638,0.4634,0.4634,719237.0,0.46315999999999996,0.46278500000000006,1.0
2023-05-02 07:50:00,0.4634,0.4637,0.463,0.4637,710023.0,0.46338,0.46288999999999997,-1.0
2023-05-02 07:55:00,0.4636,0.4641,0.4635,0.4641,609049.0,0.46368,0.46299999999999997,-1.0
2023-05-02 08:00:00,0.4641,0.4649,0.464,0.4648,748406.0,0.46396,0.463105,-1.0
2023-05-02 08:05:00,0.4648,0.465,0.4646,0.4649,831899.0,0.46418,0.46321,-1.0
2023-05-02 08:10:00,0.4648,0.465,0.4646,0.465,763083.0,0.46449999999999997,0.46330499999999997,-1.0
2023-05-02 08:15:00,0.4649,0.4651,0.4644,0.4645,1014670.0,0.46466,0.46338999999999997,1.0
2023-05-02 08:20:00,0.4645,0.4648,0.4642,0.4646,816384.0,0.46475999999999995,0.46349,-1.0
2023-05-02 08:25:00,0.4646,0.4651,0.4646,0.4647,497596.0,0.46474000000000004,0.46355500000000005,-1.0
2023-05-02 08:30:00,0.4646,0.4652,0.4646,0.465,892721.0,0.46475999999999995,0.46365,-1.0
2023-05-02 08:35:00,0.465,0.465,0.4643,0.4647,869430.0,0.4647,0.46374499999999996,1.0
2023-05-02 08:40:00,0.4646,0.4649,0.4642,0.4646,945762.0,0.46471999999999997,0.463865,0.0
2023-05-02 08:45:00,0.4646,0.4648,0.4643,0.4646,733933.0,0.4647200000000001,0.46396500000000007,0.0
2023-05-02 08:50:00,0.4646,0.4649,0.4645,0.4648,667098.0,0.46474000000000004,0.46407499999999996,-1.0
2023-05-02 08:55:00,0.4647,0.465,0.4647,0.4649,730432.0,0.46471999999999997,0.46417,-1.0
2023-05-02 09:00:00,0.4648,0.4648,0.4639,0.464,1652730.0,0.46458000000000005,0.46423499999999995,1.0
2023-05-02 09:05:00,0.464,0.4646,0.4637,0.4646,906988.0,0.46457999999999994,0.46433500000000005,-1.0
2023-05-02 09:10:00,0.4645,0.4647,0.464,0.4644,675962.0,0.46454000000000006,0.46442500000000003,1.0
2023-05-02 09:15:00,0.4643,0.4646,0.4642,0.4644,586262.0,0.46446,0.464475,-1.0
2023-05-02 09:20:00,0.4645,0.4645,0.4636,0.4639,816490.0,0.46426,0.46448,1.0
2023-05-02 09:25:00,0.4638,0.4651,0.4638,0.465,1199780.0,0.46446000000000004,0.46456,-1.0
2023-05-02 09:30:00,0.4649,0.4651,0.4644,0.4646,694545.0,0.46446,0.464605,1.0
2023-05-02 09:35:00,0.4645,0.465,0.4643,0.4644,815378.0,0.46446000000000004,0.46462000000000003,1.0
2023-05-02 09:40:00,0.4643,0.4646,0.4641,0.4643,760127.0,0.46444,0.464595,0.0
2023-05-02 09:45:00,0.4642,0.4643,0.4637,0.4639,883641.0,0.46444,0.46454500000000004,1.0
2023-05-02 09:50:00,0.4639,0.4639,0.4635,0.4637,684024.0,0.46418,0.46448,1.0
2023-05-02 09:55:00,0.4637,0.4638,0.4632,0.4633,793879.0,0.46392,0.46442000000000005,1.0
2023-05-02 10:00:00,0.4633,0.4638,0.4632,0.4636,805218.0,0.46376,0.46437,-1.0
2023-05-02 10:05:00,0.4635,0.4639,0.4623,0.4625,1039730.0,0.46340000000000003,0.46426,1.0
2023-05-02 10:10:00,0.4625,0.4629,0.4625,0.4629,1047810.0,0.46319999999999995,0.464155,-1.0
2023-05-02 10:15:00,0.4628,0.4636,0.4626,0.4634,1221320.0,0.46314,0.46409,-1.0
2023-05-02 10:20:00,0.4634,0.4634,0.4626,0.4627,675028.0,0.46302000000000004,0.463995,1.0
2023-05-02 10:25:00,0.4627,0.4627,0.4616,0.462,1042110.0,0.4627,0.4638649999999999,1.0
2023-05-02 10:30:00,0.4619,0.4624,0.4619,0.4624,784564.0,0.46268000000000004,0.463745,-1.0
2023-05-02 10:35:00,0.4624,0.463,0.4619,0.4628,1067980.0,0.46265999999999996,0.46364,-1.0
2023-05-02 10:40:00,0.4628,0.4628,0.4625,0.4626,567791.0,0.4625,0.46357,1.0
2023-05-02 10:45:00,0.4625,0.4629,0.4593,0.4613,3107730.0,0.46222,0.46340499999999996,1.0
2023-05-02 10:50:00,0.4612,0.4614,0.4606,0.4607,1498360.0,0.46196000000000004,0.46322,1.0
2023-05-02 10:55:00,0.4607,0.4617,0.4604,0.4612,1243560.0,0.46171999999999996,0.46306,-1.0
2023-05-02 11:00:00,0.4611,0.4618,0.4611,0.4617,1050290.0,0.4615,0.46295000000000003,-1.0
2023-05-02 11:05:00,0.4617,0.4621,0.4615,0.4619,766051.0,0.46136,0.462795,-1.0
2023-05-02 11:10:00,0.462,0.4621,0.4613,0.462,861321.0,0.4615,0.46266500000000005,0.0
2023-05-02 11:15:00,0.4619,0.4622,0.4616,0.462,921409.0,0.46176000000000006,0.462545,-1.0
2023-05-02 11:20:00,0.4619,0.462,0.4613,0.4614,534932.0,0.46180000000000004,0.4624,1.0
2023-05-02 11:25:00,0.4613,0.4615,0.4606,0.461,1003320.0,0.46166,0.46225499999999997,1.0
2023-05-02 11:30:00,0.461,0.4617,0.4608,0.4608,769796.0,0.46143999999999996,0.46211,1.0
2023-05-02 11:35:00,0.4609,0.4611,0.4605,0.4611,886855.0,0.46126000000000006,0.462,-1.0
2023-05-02 11:40:00,0.4611,0.4612,0.4605,0.4608,966522.0,0.46102,0.46186,1.0
2023-05-02 11:45:00,0.4607,0.4608,0.4602,0.4606,997674.0,0.46086,0.4617649999999999,1.0
2023-05-02 11:50:00,0.4605,0.4606,0.4603,0.4604,551332.0,0.46074000000000004,0.46164000000000005,1.0
2023-05-02 11:55:00,0.4604,0.4612,0.4604,0.4611,1118360.0,0.46080000000000004,0.46152499999999996,-1.0
2023-05-02 12:00:00,0.4611,0.4613,0.4609,0.4612,875943.0,0.46082,0.46145,-1.0
2023-05-02 12:05:00,0.4612,0.4612,0.4603,0.4604,780094.0,0.46074000000000004,0.46137000000000006,1.0
2023-05-02 12:10:00,0.4603,0.4604,0.46,0.4602,1181800.0,0.46066,0.46125999999999995,1.0
2023-05-02 12:15:00,0.4602,0.4606,0.4599,0.4603,1552210.0,0.46064,0.46113499999999996,-1.0
2023-05-02 12:20:00,0.4603,0.4605,0.4599,0.46,1108830.0,0.46041999999999994,0.461005,1.0
2023-05-02 12:25:00,0.4599,0.4599,0.4589,0.459,1381980.0,0.45998,0.46089,1.0
2023-05-02 12:30:00,0.459,0.4602,0.4588,0.4602,1538170.0,0.45994,0.46086499999999997,-1.0
2023-05-02 12:35:00,0.4602,0.4639,0.4601,0.4632,3996850.0,0.46054000000000006,0.460965,-1.0
2023-05-02 12:40:00,0.4631,0.464,0.4627,0.4638,1851950.0,0.46124,0.46107,-1.0
2023-05-02 12:45:00,0.4637,0.4648,0.4625,0.4631,3526330.0,0.46186,0.46113,1.0
2023-05-02 12:50:00,0.4631,0.4634,0.4625,0.4627,1460190.0,0.46259999999999996,0.461165,1.0
2023-05-02 12:55:00,0.4626,0.4641,0.4626,0.4638,1514320.0,0.46331999999999995,0.46125499999999997,-1.0
2023-05-02 13:00:00,0.4638,0.464,0.463,0.4631,689744.0,0.4633,0.46134000000000003,1.0
2023-05-02 13:05:00,0.463,0.4634,0.4628,0.4628,939629.0,0.4631,0.46143,1.0
2023-05-02 13:10:00,0.4628,0.4629,0.4623,0.4624,1280480.0,0.46296,0.46151,1.0
2023-05-02 13:15:00,0.4624,0.4624,0.4617,0.4621,1270050.0,0.46284000000000003,0.46155999999999997,1.0
2023-05-02 13:20:00,0.4621,0.4625,0.4619,0.4622,964728.0,0.46251999999999993,0.46163,-1.0
2023-05-02 13:25:00,0.4622,0.4631,0.4622,0.4629,706857.0,0.46248000000000006,0.46174499999999996,-1.0
2023-05-02 13:30:00,0.4629,0.4636,0.4628,0.4634,906520.0,0.46259999999999996,0.461895,-1.0
2023-05-02 13:35:00,0.4634,0.4637,0.4633,0.4637,585034.0,0.46286000000000005,0.462025,-1.0
2023-05-02 13:40:00,0.4636,0.4639,0.4634,0.4639,670272.0,0.46322,0.46216,-1.0
2023-05-02 13:45:00,0.4638,0.4639,0.4634,0.4635,611040.0,0.46348,0.462315,1.0
2023-05-02 13:50:00,0.4634,0.4638,0.4632,0.4636,896629.0,0.46362000000000003,0.46248500000000003,-1.0
2023-05-02 13:55:00,0.4635,0.4639,0.4635,0.4636,796590.0,0.46365999999999996,0.46265,-1.0
2023-05-02 14:00:00,0.4636,0.4642,0.4634,0.464,915391.0,0.46372,0.46285,-1.0
2023-05-02 14:05:00,0.4639,0.4645,0.4637,0.4645,786564.0,0.46384,0.46312499999999995,-1.0
2023-05-02 14:10:00,0.4645,0.4655,0.4644,0.465,1220500.0,0.46414,0.463365,-1.0
2023-05-02 14:15:00,0.4649,0.4651,0.4644,0.4646,780611.0,0.46434,0.46343499999999993,1.0
2023-05-02 14:20:00,0.4645,0.4649,0.4644,0.4646,975828.0,0.46454000000000006,0.463475,-1.0
2023-05-02 14:25:00,0.4647,0.4652,0.4647,0.465,633146.0,0.46474000000000004,0.46357,-1.0
2023-05-02 14:30:00,0.465,0.4653,0.4648,0.4652,1066750.0,0.46487999999999996,0.46369499999999997,-1.0
2023-05-02 14:35:00,0.4652,0.4656,0.4651,0.4653,1229770.0,0.46494,0.46377000000000007,-1.0
2023-05-02 14:40:00,0.4652,0.4654,0.4648,0.4652,1028210.0,0.46506,0.463875,0.0
2023-05-02 14:45:00,0.4651,0.4652,0.4648,0.4649,696760.0,0.46512000000000003,0.46398,1.0
2023-05-02 14:50:00,0.4648,0.4651,0.4645,0.4648,699130.0,0.46508000000000005,0.4641,0.0
2023-05-02 14:55:00,0.4647,0.465,0.4644,0.4645,764248.0,0.46494,0.46421999999999997,1.0
2023-05-02 15:00:00,0.4645,0.465,0.4643,0.465,1036110.0,0.46487999999999996,0.46436,-1.0
2023-05-02 15:05:00,0.465,0.4653,0.4649,0.4653,600137.0,0.4649,0.46448,-1.0
2023-05-02 15:10:00,0.4652,0.4653,0.4652,0.4653,736217.0,0.46498,0.46457499999999996,-1.0
2023-05-02 15:15:00,0.4652,0.4653,0.4647,0.4648,1065730.0,0.46498,0.46463,1.0
2023-05-02 15:20:00,0.4647,0.4649,0.4644,0.4645,848564.0,0.46498,0.46465999999999996,1.0
2023-05-02 15:25:00,0.4644,0.4645,0.464,0.4641,560576.0,0.4648,0.46468999999999994,1.0
2023-05-02 15:30:00,0.4641,0.4642,0.4637,0.4638,808858.0,0.46449999999999997,0.4647,1.0
2023-05-02 15:35:00,0.4638,0.4643,0.4638,0.4643,601419.0,0.4643,0.464735,-1.0
2023-05-02 15:40:00,0.4643,0.4647,0.4642,0.4647,944427.0,0.46428,0.46477,-1.0
2023-05-02 15:45:00,0.4646,0.4653,0.4644,0.4653,809796.0,0.46444,0.46481000000000006,-1.0
2023-05-02 15:50:00,0.4652,0.4653,0.4651,0.4653,1034430.0,0.46468,0.464825,-1.0
2023-05-02 15:55:00,0.4653,0.4654,0.465,0.4652,1123870.0,0.46495999999999993,0.464855,1.0
2023-05-02 16:00:00,0.4652,0.4654,0.4649,0.4654,596173.0,0.46518,0.464895,-1.0
2023-05-02 16:05:00,0.4653,0.4655,0.465,0.4652,1153110.0,0.46528,0.464905,1.0
2023-05-02 16:10:00,0.4652,0.4655,0.4644,0.4647,1072800.0,0.46516,0.46488000000000007,1.0
2023-05-02 16:15:00,0.4647,0.4655,0.4634,0.4636,2414560.0,0.46482,0.46479499999999996,1.0
2023-05-02 16:20:00,0.4636,0.4639,0.4633,0.4634,1219180.0,0.46446000000000004,0.46470500000000003,1.0
2023-05-02 16:25:00,0.4633,0.4637,0.463,0.4636,2168760.0,0.4641,0.46464,-1.0
2023-05-02 16:30:00,0.4635,0.4636,0.4625,0.4626,1064140.0,0.46358,0.46453,1.0
2023-05-02 16:35:00,0.4626,0.4634,0.4625,0.4633,1714670.0,0.4633,0.46447000000000005,-1.0
2023-05-02 16:40:00,0.4633,0.4633,0.4629,0.4632,1527670.0,0.46322,0.46438000000000007,1.0
2023-05-02 16:45:00,0.4632,0.4633,0.4624,0.4625,2173420.0,0.46304,0.46423999999999993,1.0
2023-05-02 16:50:00,0.4625,0.4632,0.4622,0.4632,1558710.0,0.46296,0.464135,-1.0
2023-05-02 16:55:00,0.4632,0.4636,0.4632,0.4635,684151.0,0.46314,0.46407,-1.0
2023-05-02 17:00:00,0.4635,0.4636,0.4629,0.4635,1292500.0,0.46318000000000004,0.46402,0.0
2023-05-02 17:05:00,0.4636,0.4642,0.4635,0.4641,797473.0,0.46336000000000005,0.46402,-1.0
2023-05-02 17:10:00,0.4641,0.4642,0.4638,0.4642,896299.0,0.46370000000000006,0.46403999999999995,-1.0
2023-05-02 17:15:00,0.4641,0.4648,0.4639,0.4647,1850530.0,0.46399999999999997,0.46406000000000003,-1.0
2023-05-02 17:20:00,0.4647,0.4647,0.4644,0.4646,1022630.0,0.4642200000000001,0.46405499999999994,1.0
2023-05-02 17:25:00,0.4646,0.4646,0.4631,0.4634,1070540.0,0.46419999999999995,0.46396,1.0
2023-05-02 17:30:00,0.4633,0.4634,0.4627,0.463,1375290.0,0.46398,0.46384499999999995,1.0
2023-05-02 17:35:00,0.4629,0.463,0.4623,0.4624,1192540.0,0.46362,0.46370500000000003,1.0
2023-05-02 17:40:00,0.4624,0.4629,0.4619,0.462,1717760.0,0.46308,0.463535,1.0
2023-05-02 17:45:00,0.462,0.4627,0.462,0.4627,1813360.0,0.4627,0.46341,-1.0
2023-05-02 17:50:00,0.4626,0.4638,0.4626,0.4638,973805.0,0.46277999999999997,0.4633649999999999,-1.0
2023-05-02 17:55:00,0.4637,0.4638,0.4633,0.4635,805516.0,0.46288,0.46335999999999994,1.0
2023-05-02 18:00:00,0.4635,0.4636,0.4628,0.4635,960233.0,0.4631,0.463365,0.0
2023-05-02 18:05:00,0.4635,0.4635,0.4631,0.4633,694145.0,0.46336000000000005,0.46335,1.0
2023-05-02 18:10:00,0.4632,0.4636,0.463,0.4635,603122.0,0.46352000000000004,0.46339500000000006,-1.0
2023-05-02 18:15:00,0.4634,0.464,0.4634,0.4637,623194.0,0.4635000000000001,0.463415,-1.0
2023-05-02 18:20:00,0.4637,0.464,0.4628,0.463,859353.0,0.46340000000000003,0.46340499999999996,1.0
2023-05-02 18:25:00,0.4629,0.4632,0.4626,0.4629,1011120.0,0.46328,0.4634250000000001,0.0
2023-05-02 18:30:00,0.4628,0.463,0.4625,0.4628,952643.0,0.46318000000000004,0.463405,0.0
2023-05-02 18:35:00,0.4628,0.4638,0.4626,0.4638,928916.0,0.46324000000000004,0.46342,-1.0
2023-05-02 18:40:00,0.4637,0.464,0.4636,0.4638,817667.0,0.46326,0.46343500000000004,-1.0
2023-05-02 18:45:00,0.4638,0.464,0.4636,0.464,730135.0,0.46346,0.46343000000000006,-1.0
2023-05-02 18:50:00,0.464,0.464,0.4635,0.4636,879837.0,0.4636,0.46340000000000003,1.0
2023-05-02 18:55:00,0.4637,0.4637,0.4631,0.4632,982394.0,0.46368,0.46332500000000004,1.0
2023-05-02 19:00:00,0.4632,0.4635,0.4628,0.4629,902422.0,0.46349999999999997,0.46324,1.0
2023-05-02 19:05:00,0.4629,0.4632,0.4627,0.4632,978375.0,0.46338,0.4632300000000001,-1.0
2023-05-02 19:10:00,0.4632,0.4633,0.4626,0.4631,1034740.0,0.46319999999999995,0.46323499999999995,1.0
2023-05-02 19:15:00,0.4631,0.4631,0.4625,0.4628,994978.0,0.46304,0.4632549999999999,1.0
2023-05-02 19:20:00,0.4627,0.4631,0.4624,0.4625,961080.0,0.4629,0.46327999999999997,1.0
2023-05-02 19:25:00,0.4624,0.4625,0.4605,0.4606,2064920.0,0.4624400000000001,0.463175,1.0
2023-05-02 19:30:00,0.4606,0.4609,0.4604,0.4605,1446450.0,0.4619,0.46301000000000003,1.0
2023-05-02 19:35:00,0.4605,0.461,0.4598,0.4602,2263180.0,0.46132,0.46284500000000006,1.0
2023-05-02 19:40:00,0.4601,0.4609,0.46,0.4608,1902520.0,0.46091999999999994,0.46270999999999995,-1.0
2023-05-02 19:45:00,0.4608,0.4609,0.4604,0.4608,2421520.0,0.46058000000000004,0.4625850000000001,0.0
2023-05-02 19:50:00,0.4607,0.461,0.4605,0.4608,1808420.0,0.46062000000000003,0.4624499999999999,-1.0
2023-05-02 19:55:00,0.4608,0.4609,0.4599,0.4603,1747870.0,0.46058000000000004,0.46227999999999997,1.0
2023-05-02 20:00:00,0.4603,0.4606,0.4601,0.4606,2336540.0,0.46066,0.46216,-1.0
2023-05-02 20:05:00,0.4605,0.4612,0.4605,0.4612,1432460.0,0.46074000000000004,0.462075,-1.0
2023-05-02 20:10:00,0.4611,0.4615,0.4611,0.4614,1424300.0,0.46086,0.462005,-1.0
2023-05-02 20:15:00,0.4613,0.4614,0.461,0.4613,1209530.0,0.4609599999999999,0.46188,0.0
2023-05-02 20:20:00,0.4612,0.4613,0.4606,0.4609,1440150.0,0.46108000000000005,0.461735,1.0
2023-05-02 20:25:00,0.4609,0.4609,0.4604,0.4605,1417050.0,0.46105999999999997,0.46155999999999997,1.0
2023-05-02 20:30:00,0.4605,0.4616,0.4604,0.4612,1242040.0,0.46105999999999997,0.46143999999999996,-1.0
2023-05-02 20:35:00,0.4612,0.4613,0.461,0.4611,753437.0,0.461,0.46133499999999994,1.0
2023-05-02 20:40:00,0.461,0.4612,0.4607,0.4608,660986.0,0.4609,0.46123000000000003,1.0
2023-05-02 20:45:00,0.4608,0.461,0.4603,0.4607,1965470.0,0.46086,0.461105,1.0
2023-05-02 20:50:00,0.4606,0.4609,0.4605,0.4606,811976.0,0.46087999999999996,0.46098,0.0
2023-05-02 20:55:00,0.4606,0.4608,0.4602,0.4608,1694830.0,0.46080000000000004,0.46088000000000007,-1.0
2023-05-02 21:00:00,0.4607,0.4612,0.4607,0.4612,691899.0,0.46082,0.46081500000000003,-1.0
2023-05-02 21:05:00,0.4611,0.4613,0.4606,0.4612,1174380.0,0.4609,0.46084499999999995,-1.0
2023-05-02 21:10:00,0.4611,0.4613,0.461,0.4612,571073.0,0.461,0.46087999999999996,-1.0
2023-05-02 21:15:00,0.4612,0.4613,0.461,0.4612,604610.0,0.46112000000000003,0.46092999999999995,0.0
2023-05-02 21:20:00,0.4612,0.4615,0.4611,0.4615,862087.0,0.46126000000000006,0.460965,-1.0
2023-05-02 21:25:00,0.4614,0.4619,0.4611,0.4619,956488.0,0.4614,0.46102,-1.0
2023-05-02 21:30:00,0.4619,0.4623,0.4616,0.4623,1005830.0,0.46162000000000003,0.461095,-1.0
2023-05-02 21:35:00,0.4623,0.4628,0.4622,0.4626,1189760.0,0.4619,0.46121,-1.0
2023-05-02 21:40:00,0.4625,0.4638,0.4625,0.4633,1436410.0,0.46231999999999995,0.461345,-1.0
2023-05-02 21:45:00,0.4632,0.4633,0.4618,0.4621,1349770.0,0.46243999999999996,0.4613899999999999,1.0
2023-05-02 21:50:00,0.4621,0.4627,0.4621,0.4624,839466.0,0.46254,0.46143999999999996,-1.0
2023-05-02 21:55:00,0.4624,0.4624,0.4619,0.462,793907.0,0.46248000000000006,0.46147499999999997,1.0
2023-05-02 22:00:00,0.4619,0.4623,0.4617,0.462,1522210.0,0.46236,0.46152999999999994,-1.0
2023-05-02 22:05:00,0.462,0.462,0.4613,0.4617,1075230.0,0.46204,0.46159,1.0
2023-05-02 22:10:00,0.4617,0.4617,0.4612,0.4616,782899.0,0.46193999999999996,0.46161,1.0
2023-05-02 22:15:00,0.4615,0.4618,0.4612,0.4614,896167.0,0.46174,0.461625,1.0
2023-05-02 22:20:00,0.4614,0.4621,0.4613,0.4617,1024730.0,0.46168,0.46166999999999997,-1.0
2023-05-02 22:25:00,0.4616,0.4621,0.4614,0.4615,854209.0,0.46158,0.46170999999999995,1.0
2023-05-02 22:30:00,0.4614,0.4625,0.4614,0.4625,814153.0,0.46174,0.461805,-1.0
2023-05-02 22:35:00,0.4624,0.4627,0.4606,0.4611,1528040.0,0.46163999999999994,0.46182,1.0
2023-05-02 22:40:00,0.4611,0.4616,0.4609,0.4613,1108080.0,0.46162000000000003,0.461825,-1.0
2023-05-02 22:45:00,0.4613,0.4616,0.461,0.4611,1197630.0,0.4615,0.46182,1.0
2023-05-02 22:50:00,0.4611,0.4617,0.4609,0.4613,1024100.0,0.46146000000000004,0.461825,-1.0
2023-05-02 22:55:00,0.4613,0.4616,0.4605,0.4607,1012750.0,0.46109999999999995,0.46180000000000004,1.0
2023-05-02 23:00:00,0.4607,0.4618,0.4601,0.4606,3279690.0,0.46099999999999997,0.46175499999999997,1.0
2023-05-02 23:05:00,0.4605,0.4605,0.4583,0.4596,3379740.0,0.46066,0.46163999999999994,1.0
2023-05-02 23:10:00,0.4596,0.4604,0.459,0.4604,1156530.0,0.46052,0.461545,-1.0
2023-05-02 23:15:00,0.4604,0.4625,0.4603,0.4619,1884360.0,0.46064,0.46151,-1.0
2023-05-02 23:20:00,0.462,0.4638,0.4602,0.4616,6878990.0,0.46082,0.46142500000000003,1.0
2023-05-02 23:25:00,0.4615,0.4638,0.4606,0.4632,9418900.0,0.46134000000000003,0.46148000000000006,-1.0
2023-05-02 23:30:00,0.4632,0.4643,0.4622,0.4623,3536030.0,0.46188,0.46147499999999997,1.0
2023-05-02 23:35:00,0.4622,0.4635,0.462,0.4628,2544050.0,0.46236,0.461515,-1.0
2023-05-02 23:40:00,0.4628,0.4643,0.4628,0.4632,2013880.0,0.46262,0.461575,-1.0
2023-05-02 23:45:00,0.4631,0.4631,0.4617,0.4626,1614560.0,0.46281999999999995,0.46162000000000003,1.0
2023-05-02 23:50:00,0.4625,0.4628,0.4609,0.4622,1493460.0,0.46262,0.46164999999999995,1.0
2023-05-02 23:55:00,0.4622,0.4625,0.4614,0.4617,922901.0,0.4625,0.461665,1.0
2023-05-03 00:00:00,0.4617,0.462,0.4606,0.4619,1186060.0,0.46231999999999995,0.46167499999999995,-1.0
