time,ticker,type,tradePrice,quantity,percentage,benefit,seed,cash,ticker_cash,ticker_quantity,ticker_meanPrice,tradeCash,preMean
2023-05-01 02:00:00,0.0,0.0,0.0,0.0,0.0,0.0,80,80,0.0,0.0,0.0,0.0,
2023-05-01 02:05:00,0.0,0.0,0.0,0.0,0.0,0.0,80,80,0.0,0.0,0.0,0.0,0.0
2023-05-01 02:10:00,0.0,0.0,0.0,0.0,0.0,0.0,80,80,0.0,0.0,0.0,0.0,0.0
2023-05-01 02:15:00,XRPUSDT,Action.BUY,0.4803,10.0,0.0,0.0,79.9808,75.197,4.7838,9.96,0.4803,4.803,0.0
2023-05-01 02:20:00,0.0,0.0,0.0,0.0,0.0,0.0,79.9828,75.197,4.7858,9.96,0.4803,0.0,0.4803
2023-05-01 02:25:00,0.0,0.0,0.0,0.0,0.0,0.0,79.9838,75.197,4.7868,9.96,0.4803,0.0,0.4803
2023-05-01 02:30:00,0.0,0.0,0.0,0.0,0.0,0.0,79.9868,75.197,4.7898,9.96,0.4803,0.0,0.4803
2023-05-01 02:35:00,0.0,0.0,0.0,0.0,0.0,0.0,79.9808,75.197,4.7838,9.96,0.4803,0.0,0.4803
2023-05-01 02:40:00,0.0,0.0,0.0,0.0,0.0,0.0,79.9778,75.197,4.7808,9.96,0.4803,0.0,0.4803
2023-05-01 02:45:00,0.0,0.0,0.0,0.0,0.0,0.0,79.9738,75.197,4.7768,9.96,0.4803,0.0,0.4803
2023-05-01 02:50:00,0.0,0.0,0.0,0.0,0.0,0.0,79.9698,75.197,4.7728,9.96,0.4803,0.0,0.4803
2023-05-01 02:55:00,XRPUSDT,Action.SELL,0.4788,8.0,-0.7111,-0.0273,79.9505,79.0121,0.9384,1.96,0.4803,3.8304,0.4803
2023-05-01 03:00:00,0.0,0.0,0.0,0.0,0.0,0.0,79.9482,79.0121,0.9361,1.96,0.4803,0.0,0.4803
2023-05-01 03:05:00,0.0,0.0,0.0,0.0,0.0,0.0,79.9494,79.0121,0.9373,1.96,0.4803,0.0,0.4803
2023-05-01 03:10:00,0.0,0.0,0.0,0.0,0.0,0.0,79.9513,79.0121,0.9392,1.96,0.4803,0.0,0.4803
2023-05-01 03:15:00,0.0,0.0,0.0,0.0,0.0,0.0,79.9515,79.0121,0.9394,1.96,0.4803,0.0,0.4803
2023-05-01 03:20:00,0.0,0.0,0.0,0.0,0.0,0.0,79.9515,79.0121,0.9394,1.96,0.4803,0.0,0.4803
2023-05-01 03:25:00,0.0,0.0,0.0,0.0,0.0,0.0,79.9519,79.0121,0.9398,1.96,0.4803,0.0,0.4803
2023-05-01 03:30:00,0.0,0.0,0.0,0.0,0.0,0.0,79.9509,79.0121,0.9388,1.96,0.4803,0.0,0.4803
2023-05-01 03:35:00,0.0,0.0,0.0,0.0,0.0,0.0,79.9513,79.0121,0.9392,1.96,0.4803,0.0,0.4803
2023-05-01 03:40:00,0.0,0.0,0.0,0.0,0.0,0.0,79.9509,79.0121,0.9388,1.96,0.4803,0.0,0.4803
2023-05-01 03:45:00,0.0,0.0,0.0,0.0,0.0,0.0,79.9505,79.0121,0.9384,1.96,0.4803,0.0,0.4803
2023-05-01 03:50:00,0.0,0.0,0.0,0.0,0.0,0.0,79.9513,79.0121,0.9392,1.96,0.4803,0.0,0.4803
2023-05-01 03:55:00,0.0,0.0,0.0,0.0,0.0,0.0,79.9505,79.0121,0.9384,1.96,0.4803,0.0,0.4803
2023-05-01 04:00:00,0.0,0.0,0.0,0.0,0.0,0.0,79.9507,79.0121,0.9386,1.96,0.4803,0.0,0.4803
2023-05-01 04:05:00,0.0,0.0,0.0,0.0,0.0,0.0,79.9458,79.0121,0.9337,1.96,0.4803,0.0,0.4803
2023-05-01 04:10:00,0.0,0.0,0.0,0.0,0.0,0.0,79.9468,79.0121,0.9347,1.96,0.4803,0.0,0.4803
2023-05-01 04:15:00,0.0,0.0,0.0,0.0,0.0,0.0,79.9425,79.0121,0.9304,1.96,0.4803,0.0,0.4803
2023-05-01 04:20:00,0.0,0.0,0.0,0.0,0.0,0.0,79.9427,79.0121,0.9306,1.96,0.4803,0.0,0.4803
2023-05-01 04:25:00,0.0,0.0,0.0,0.0,0.0,0.0,79.9435,79.0121,0.9314,1.96,0.4803,0.0,0.4803
2023-05-01 04:30:00,0.0,0.0,0.0,0.0,0.0,0.0,79.9421,79.0121,0.93,1.96,0.4803,0.0,0.4803
2023-05-01 04:35:00,0.0,0.0,0.0,0.0,0.0,0.0,79.9427,79.0121,0.9306,1.96,0.4803,0.0,0.4803
2023-05-01 04:40:00,0.0,0.0,0.0,0.0,0.0,0.0,79.9448,79.0121,0.9328,1.96,0.4803,0.0,0.4803
2023-05-01 04:45:00,0.0,0.0,0.0,0.0,0.0,0.0,79.945,79.0121,0.933,1.96,0.4803,0.0,0.4803
2023-05-01 04:50:00,0.0,0.0,0.0,0.0,0.0,0.0,79.9446,79.0121,0.9326,1.96,0.4803,0.0,0.4803
2023-05-01 04:55:00,0.0,0.0,0.0,0.0,0.0,0.0,79.9443,79.0121,0.9322,1.96,0.4803,0.0,0.4803
2023-05-01 05:00:00,0.0,0.0,0.0,0.0,0.0,0.0,79.9397,79.0121,0.9277,1.96,0.4803,0.0,0.4803
2023-05-01 05:05:00,0.0,0.0,0.0,0.0,0.0,0.0,79.9382,79.0121,0.9261,1.96,0.4803,0.0,0.4803
2023-05-01 05:10:00,0.0,0.0,0.0,0.0,0.0,0.0,79.9345,79.0121,0.9224,1.96,0.4803,0.0,0.4803
2023-05-01 05:15:00,0.0,0.0,0.0,0.0,0.0,0.0,79.9341,79.0121,0.922,1.96,0.4803,0.0,0.4803
2023-05-01 05:20:00,0.0,0.0,0.0,0.0,0.0,0.0,79.9352,79.0121,0.9232,1.96,0.4803,0.0,0.4803
2023-05-01 05:25:00,0.0,0.0,0.0,0.0,0.0,0.0,79.9368,79.0121,0.9247,1.96,0.4803,0.0,0.4803
2023-05-01 05:30:00,0.0,0.0,0.0,0.0,0.0,0.0,79.9366,79.0121,0.9245,1.96,0.4803,0.0,0.4803
2023-05-01 05:35:00,0.0,0.0,0.0,0.0,0.0,0.0,79.9362,79.0121,0.9241,1.96,0.4803,0.0,0.4803
2023-05-01 05:40:00,0.0,0.0,0.0,0.0,0.0,0.0,79.937,79.0121,0.9249,1.96,0.4803,0.0,0.4803
2023-05-01 05:45:00,0.0,0.0,0.0,0.0,0.0,0.0,79.9382,79.0121,0.9261,1.96,0.4803,0.0,0.4803
2023-05-01 05:50:00,0.0,0.0,0.0,0.0,0.0,0.0,79.9388,79.0121,0.9267,1.96,0.4803,0.0,0.4803
2023-05-01 05:55:00,0.0,0.0,0.0,0.0,0.0,0.0,79.9394,79.0121,0.9273,1.96,0.4803,0.0,0.4803
2023-05-01 06:00:00,0.0,0.0,0.0,0.0,0.0,0.0,79.9409,79.0121,0.9288,1.96,0.4803,0.0,0.4803
2023-05-01 06:05:00,XRPUSDT,Action.BUY,0.4742,10.0,0.0,0.0,79.9225,74.2701,5.6525,11.92,0.4752,4.742,0.4803
2023-05-01 06:10:00,0.0,0.0,0.0,0.0,0.0,0.0,79.9202,74.2701,5.6501,11.92,0.4752,0.0,0.4752
2023-05-01 06:15:00,0.0,0.0,0.0,0.0,0.0,0.0,79.9214,74.2701,5.6513,11.92,0.4752,0.0,0.4752
2023-05-01 06:20:00,0.0,0.0,0.0,0.0,0.0,0.0,79.9178,74.2701,5.6477,11.92,0.4752,0.0,0.4752
2023-05-01 06:25:00,0.0,0.0,0.0,0.0,0.0,0.0,79.9225,74.2701,5.6525,11.92,0.4752,0.0,0.4752
2023-05-01 06:30:00,0.0,0.0,0.0,0.0,0.0,0.0,79.9202,74.2701,5.6501,11.92,0.4752,0.0,0.4752
2023-05-01 06:35:00,0.0,0.0,0.0,0.0,0.0,0.0,79.9214,74.2701,5.6513,11.92,0.4752,0.0,0.4752
2023-05-01 06:40:00,0.0,0.0,0.0,0.0,0.0,0.0,79.9178,74.2701,5.6477,11.92,0.4752,0.0,0.4752
2023-05-01 06:45:00,0.0,0.0,0.0,0.0,0.0,0.0,79.9166,74.2701,5.6465,11.92,0.4752,0.0,0.4752
2023-05-01 06:50:00,0.0,0.0,0.0,0.0,0.0,0.0,79.9202,74.2701,5.6501,11.92,0.4752,0.0,0.4752
2023-05-01 06:55:00,0.0,0.0,0.0,0.0,0.0,0.0,79.9178,74.2701,5.6477,11.92,0.4752,0.0,0.4752
2023-05-01 07:00:00,0.0,0.0,0.0,0.0,0.0,0.0,79.9154,74.2701,5.6453,11.92,0.4752,0.0,0.4752
2023-05-01 07:05:00,0.0,0.0,0.0,0.0,0.0,0.0,79.9118,74.2701,5.6417,11.92,0.4752,0.0,0.4752
2023-05-01 07:10:00,0.0,0.0,0.0,0.0,0.0,0.0,79.913,74.2701,5.6429,11.92,0.4752,0.0,0.4752
2023-05-01 07:15:00,XRPUSDT,Action.SELL,0.4735,8.0,-0.7563,-0.0288,79.899,78.0429,1.8561,3.92,0.4752,3.788,0.4752
2023-05-01 07:20:00,0.0,0.0,0.0,0.0,0.0,0.0,79.8979,78.0429,1.8549,3.92,0.4752,0.0,0.4752
2023-05-01 07:25:00,0.0,0.0,0.0,0.0,0.0,0.0,79.8967,78.0429,1.8538,3.92,0.4752,0.0,0.4752
2023-05-01 07:30:00,0.0,0.0,0.0,0.0,0.0,0.0,79.8967,78.0429,1.8538,3.92,0.4752,0.0,0.4752
2023-05-01 07:35:00,0.0,0.0,0.0,0.0,0.0,0.0,79.8963,78.0429,1.8534,3.92,0.4752,0.0,0.4752
2023-05-01 07:40:00,0.0,0.0,0.0,0.0,0.0,0.0,79.8959,78.0429,1.853,3.92,0.4752,0.0,0.4752
2023-05-01 07:45:00,0.0,0.0,0.0,0.0,0.0,0.0,79.8971,78.0429,1.8542,3.92,0.4752,0.0,0.4752
2023-05-01 07:50:00,0.0,0.0,0.0,0.0,0.0,0.0,79.8979,78.0429,1.8549,3.92,0.4752,0.0,0.4752
2023-05-01 07:55:00,0.0,0.0,0.0,0.0,0.0,0.0,79.8983,78.0429,1.8553,3.92,0.4752,0.0,0.4752
2023-05-01 08:00:00,0.0,0.0,0.0,0.0,0.0,0.0,79.8975,78.0429,1.8546,3.92,0.4752,0.0,0.4752
2023-05-01 08:05:00,0.0,0.0,0.0,0.0,0.0,0.0,79.9034,78.0429,1.8604,3.92,0.4752,0.0,0.4752
2023-05-01 08:10:00,XRPUSDT,Action.BUY,0.4742,10.0,0.0,0.0,79.8828,73.3009,6.5819,13.88,0.4745,4.742,0.4752
2023-05-01 08:15:00,0.0,0.0,0.0,0.0,0.0,0.0,79.8703,73.3009,6.5694,13.88,0.4745,0.0,0.4745
2023-05-01 08:20:00,0.0,0.0,0.0,0.0,0.0,0.0,79.8745,73.3009,6.5736,13.88,0.4745,0.0,0.4745
2023-05-01 08:25:00,0.0,0.0,0.0,0.0,0.0,0.0,79.8787,73.3009,6.5777,13.88,0.4745,0.0,0.4745
2023-05-01 08:30:00,0.0,0.0,0.0,0.0,0.0,0.0,79.8828,73.3009,6.5819,13.88,0.4745,0.0,0.4745
2023-05-01 08:35:00,0.0,0.0,0.0,0.0,0.0,0.0,79.887,73.3009,6.5861,13.88,0.4745,0.0,0.4745
2023-05-01 08:40:00,0.0,0.0,0.0,0.0,0.0,0.0,79.8828,73.3009,6.5819,13.88,0.4745,0.0,0.4745
2023-05-01 08:45:00,0.0,0.0,0.0,0.0,0.0,0.0,79.8551,73.3009,6.5541,13.88,0.4745,0.0,0.4745
2023-05-01 08:50:00,XRPUSDT,Action.SELL,0.4715,8.0,-1.0297,-0.0391,79.8303,77.0578,2.7724,5.88,0.4745,3.772,0.4745
2023-05-01 08:55:00,0.0,0.0,0.0,0.0,0.0,0.0,79.8244,77.0578,2.7665,5.88,0.4745,0.0,0.4745
2023-05-01 09:00:00,0.0,0.0,0.0,0.0,0.0,0.0,79.8285,77.0578,2.7707,5.88,0.4745,0.0,0.4745
2023-05-01 09:05:00,0.0,0.0,0.0,0.0,0.0,0.0,79.8332,77.0578,2.7754,5.88,0.4745,0.0,0.4745
2023-05-01 09:10:00,0.0,0.0,0.0,0.0,0.0,0.0,79.8332,77.0578,2.7754,5.88,0.4745,0.0,0.4745
2023-05-01 09:15:00,0.0,0.0,0.0,0.0,0.0,0.0,79.8308,77.0578,2.773,5.88,0.4745,0.0,0.4745
2023-05-01 09:20:00,0.0,0.0,0.0,0.0,0.0,0.0,79.8332,77.0578,2.7754,5.88,0.4745,0.0,0.4745
2023-05-01 09:25:00,0.0,0.0,0.0,0.0,0.0,0.0,79.8344,77.0578,2.7765,5.88,0.4745,0.0,0.4745
2023-05-01 09:30:00,0.0,0.0,0.0,0.0,0.0,0.0,79.835,77.0578,2.7771,5.88,0.4745,0.0,0.4745
2023-05-01 09:35:00,0.0,0.0,0.0,0.0,0.0,0.0,79.8326,77.0578,2.7748,5.88,0.4745,0.0,0.4745
2023-05-01 09:40:00,0.0,0.0,0.0,0.0,0.0,0.0,79.8314,77.0578,2.7736,5.88,0.4745,0.0,0.4745
2023-05-01 09:45:00,0.0,0.0,0.0,0.0,0.0,0.0,79.8303,77.0578,2.7724,5.88,0.4745,0.0,0.4745
2023-05-01 09:50:00,0.0,0.0,0.0,0.0,0.0,0.0,79.8273,77.0578,2.7695,5.88,0.4745,0.0,0.4745
2023-05-01 09:55:00,0.0,0.0,0.0,0.0,0.0,0.0,79.8279,77.0578,2.7701,5.88,0.4745,0.0,0.4745
2023-05-01 10:00:00,0.0,0.0,0.0,0.0,0.0,0.0,79.8279,77.0578,2.7701,5.88,0.4745,0.0,0.4745
2023-05-01 10:05:00,0.0,0.0,0.0,0.0,0.0,0.0,79.8273,77.0578,2.7695,5.88,0.4745,0.0,0.4745
2023-05-01 10:10:00,0.0,0.0,0.0,0.0,0.0,0.0,79.8232,77.0578,2.7654,5.88,0.4745,0.0,0.4745
2023-05-01 10:15:00,0.0,0.0,0.0,0.0,0.0,0.0,79.8167,77.0578,2.7589,5.88,0.4745,0.0,0.4745
2023-05-01 10:20:00,0.0,0.0,0.0,0.0,0.0,0.0,79.8191,77.0578,2.7612,5.88,0.4745,0.0,0.4745
2023-05-01 10:25:00,0.0,0.0,0.0,0.0,0.0,0.0,79.8226,77.0578,2.7648,5.88,0.4745,0.0,0.4745
2023-05-01 10:30:00,0.0,0.0,0.0,0.0,0.0,0.0,79.8226,77.0578,2.7648,5.88,0.4745,0.0,0.4745
2023-05-01 10:35:00,0.0,0.0,0.0,0.0,0.0,0.0,79.7762,77.0578,2.7183,5.88,0.4745,0.0,0.4745
2023-05-01 10:40:00,0.0,0.0,0.0,0.0,0.0,0.0,79.7685,77.0578,2.7107,5.88,0.4745,0.0,0.4745
2023-05-01 10:45:00,0.0,0.0,0.0,0.0,0.0,0.0,79.7797,77.0578,2.7219,5.88,0.4745,0.0,0.4745
2023-05-01 10:50:00,0.0,0.0,0.0,0.0,0.0,0.0,79.782,77.0578,2.7242,5.88,0.4745,0.0,0.4745
2023-05-01 10:55:00,0.0,0.0,0.0,0.0,0.0,0.0,79.782,77.0578,2.7242,5.88,0.4745,0.0,0.4745
2023-05-01 11:00:00,0.0,0.0,0.0,0.0,0.0,0.0,79.7856,77.0578,2.7277,5.88,0.4745,0.0,0.4745
2023-05-01 11:05:00,0.0,0.0,0.0,0.0,0.0,0.0,79.7856,77.0578,2.7277,5.88,0.4745,0.0,0.4745
2023-05-01 11:10:00,0.0,0.0,0.0,0.0,0.0,0.0,79.7873,77.0578,2.7295,5.88,0.4745,0.0,0.4745
2023-05-01 11:15:00,0.0,0.0,0.0,0.0,0.0,0.0,79.7885,77.0578,2.7307,5.88,0.4745,0.0,0.4745
2023-05-01 11:20:00,0.0,0.0,0.0,0.0,0.0,0.0,79.7862,77.0578,2.7283,5.88,0.4745,0.0,0.4745
2023-05-01 11:25:00,0.0,0.0,0.0,0.0,0.0,0.0,79.7826,77.0578,2.7248,5.88,0.4745,0.0,0.4745
2023-05-01 11:30:00,0.0,0.0,0.0,0.0,0.0,0.0,79.7856,77.0578,2.7277,5.88,0.4745,0.0,0.4745
2023-05-01 11:35:00,0.0,0.0,0.0,0.0,0.0,0.0,79.7826,77.0578,2.7248,5.88,0.4745,0.0,0.4745
2023-05-01 11:40:00,0.0,0.0,0.0,0.0,0.0,0.0,79.7773,77.0578,2.7195,5.88,0.4745,0.0,0.4745
2023-05-01 11:45:00,0.0,0.0,0.0,0.0,0.0,0.0,79.7744,77.0578,2.7166,5.88,0.4745,0.0,0.4745
2023-05-01 11:50:00,0.0,0.0,0.0,0.0,0.0,0.0,79.7697,77.0578,2.7119,5.88,0.4745,0.0,0.4745
2023-05-01 11:55:00,0.0,0.0,0.0,0.0,0.0,0.0,79.7662,77.0578,2.7083,5.88,0.4745,0.0,0.4745
2023-05-01 12:00:00,0.0,0.0,0.0,0.0,0.0,0.0,79.7738,77.0578,2.716,5.88,0.4745,0.0,0.4745
2023-05-01 12:05:00,0.0,0.0,0.0,0.0,0.0,0.0,79.7756,77.0578,2.7177,5.88,0.4745,0.0,0.4745
2023-05-01 12:10:00,0.0,0.0,0.0,0.0,0.0,0.0,79.775,77.0578,2.7171,5.88,0.4745,0.0,0.4745
2023-05-01 12:15:00,0.0,0.0,0.0,0.0,0.0,0.0,79.7785,77.0578,2.7207,5.88,0.4745,0.0,0.4745
2023-05-01 12:20:00,0.0,0.0,0.0,0.0,0.0,0.0,79.7832,77.0578,2.7254,5.88,0.4745,0.0,0.4745
2023-05-01 12:25:00,0.0,0.0,0.0,0.0,0.0,0.0,79.785,77.0578,2.7271,5.88,0.4745,0.0,0.4745
2023-05-01 12:30:00,XRPUSDT,Action.BUY,0.4636,10.0,0.0,0.0,79.7653,72.4218,7.3434,15.84,0.4676,4.636,0.4745
2023-05-01 12:35:00,0.0,0.0,0.0,0.0,0.0,0.0,79.7684,72.4218,7.3466,15.84,0.4676,0.0,0.4676
2023-05-01 12:40:00,0.0,0.0,0.0,0.0,0.0,0.0,79.7764,72.4218,7.3545,15.84,0.4676,0.0,0.4676
2023-05-01 12:45:00,0.0,0.0,0.0,0.0,0.0,0.0,79.7795,72.4218,7.3577,15.84,0.4676,0.0,0.4676
2023-05-01 12:50:00,0.0,0.0,0.0,0.0,0.0,0.0,79.7874,72.4218,7.3656,15.84,0.4676,0.0,0.4676
2023-05-01 12:55:00,0.0,0.0,0.0,0.0,0.0,0.0,79.7843,72.4218,7.3624,15.84,0.4676,0.0,0.4676
2023-05-01 13:00:00,0.0,0.0,0.0,0.0,0.0,0.0,79.7795,72.4218,7.3577,15.84,0.4676,0.0,0.4676
2023-05-01 13:05:00,0.0,0.0,0.0,0.0,0.0,0.0,79.7874,72.4218,7.3656,15.84,0.4676,0.0,0.4676
2023-05-01 13:10:00,0.0,0.0,0.0,0.0,0.0,0.0,79.789,72.4218,7.3672,15.84,0.4676,0.0,0.4676
2023-05-01 13:15:00,0.0,0.0,0.0,0.0,0.0,0.0,79.7922,72.4218,7.3704,15.84,0.4676,0.0,0.4676
2023-05-01 13:20:00,0.0,0.0,0.0,0.0,0.0,0.0,79.7811,72.4218,7.3593,15.84,0.4676,0.0,0.4676
2023-05-01 13:25:00,0.0,0.0,0.0,0.0,0.0,0.0,79.7668,72.4218,7.345,15.84,0.4676,0.0,0.4676
2023-05-01 13:30:00,0.0,0.0,0.0,0.0,0.0,0.0,79.7684,72.4218,7.3466,15.84,0.4676,0.0,0.4676
2023-05-01 13:35:00,0.0,0.0,0.0,0.0,0.0,0.0,79.7843,72.4218,7.3624,15.84,0.4676,0.0,0.4676
2023-05-01 13:40:00,0.0,0.0,0.0,0.0,0.0,0.0,79.7906,72.4218,7.3688,15.84,0.4676,0.0,0.4676
2023-05-01 13:45:00,0.0,0.0,0.0,0.0,0.0,0.0,79.7922,72.4218,7.3704,15.84,0.4676,0.0,0.4676
2023-05-01 13:50:00,0.0,0.0,0.0,0.0,0.0,0.0,79.7906,72.4218,7.3688,15.84,0.4676,0.0,0.4676
2023-05-01 13:55:00,0.0,0.0,0.0,0.0,0.0,0.0,79.7922,72.4218,7.3704,15.84,0.4676,0.0,0.4676
2023-05-01 14:00:00,0.0,0.0,0.0,0.0,0.0,0.0,79.789,72.4218,7.3672,15.84,0.4676,0.0,0.4676
2023-05-01 14:05:00,0.0,0.0,0.0,0.0,0.0,0.0,79.789,72.4218,7.3672,15.84,0.4676,0.0,0.4676
2023-05-01 14:10:00,0.0,0.0,0.0,0.0,0.0,0.0,79.7922,72.4218,7.3704,15.84,0.4676,0.0,0.4676
2023-05-01 14:15:00,0.0,0.0,0.0,0.0,0.0,0.0,79.7906,72.4218,7.3688,15.84,0.4676,0.0,0.4676
2023-05-01 14:20:00,0.0,0.0,0.0,0.0,0.0,0.0,79.7922,72.4218,7.3704,15.84,0.4676,0.0,0.4676
2023-05-01 14:25:00,0.0,0.0,0.0,0.0,0.0,0.0,79.7843,72.4218,7.3624,15.84,0.4676,0.0,0.4676
2023-05-01 14:30:00,0.0,0.0,0.0,0.0,0.0,0.0,79.7795,72.4218,7.3577,15.84,0.4676,0.0,0.4676
2023-05-01 14:35:00,0.0,0.0,0.0,0.0,0.0,0.0,79.7827,72.4218,7.3608,15.84,0.4676,0.0,0.4676
2023-05-01 14:40:00,XRPUSDT,Action.SELL,0.4647,8.0,-1.0177,-0.0381,79.7678,76.1246,3.6432,7.84,0.4676,3.7176,0.4676
2023-05-01 14:45:00,0.0,0.0,0.0,0.0,0.0,0.0,79.7717,76.1246,3.6472,7.84,0.4676,0.0,0.4676
2023-05-01 14:50:00,0.0,0.0,0.0,0.0,0.0,0.0,79.7717,76.1246,3.6472,7.84,0.4676,0.0,0.4676
2023-05-01 14:55:00,XRPUSDT,Action.BUY,0.4654,10.0,0.0,0.0,79.7547,71.4706,8.2841,17.8,0.4664,4.654,0.4676
2023-05-01 15:00:00,0.0,0.0,0.0,0.0,0.0,0.0,79.7476,71.4706,8.277,17.8,0.4664,0.0,0.4664
2023-05-01 15:05:00,0.0,0.0,0.0,0.0,0.0,0.0,79.7511,71.4706,8.2806,17.8,0.4664,0.0,0.4664
2023-05-01 15:10:00,0.0,0.0,0.0,0.0,0.0,0.0,79.7458,71.4706,8.2752,17.8,0.4664,0.0,0.4664
2023-05-01 15:15:00,0.0,0.0,0.0,0.0,0.0,0.0,79.7458,71.4706,8.2752,17.8,0.4664,0.0,0.4664
2023-05-01 15:20:00,XRPUSDT,Action.SELL,0.4647,8.0,-0.763,-0.0285,79.7274,75.1733,4.5541,9.8,0.4664,3.7176,0.4664
2023-05-01 15:25:00,0.0,0.0,0.0,0.0,0.0,0.0,79.7313,75.1733,4.558,9.8,0.4664,0.0,0.4664
2023-05-01 15:30:00,0.0,0.0,0.0,0.0,0.0,0.0,79.7323,75.1733,4.559,9.8,0.4664,0.0,0.4664
2023-05-01 15:35:00,0.0,0.0,0.0,0.0,0.0,0.0,79.7264,75.1733,4.5531,9.8,0.4664,0.0,0.4664
2023-05-01 15:40:00,0.0,0.0,0.0,0.0,0.0,0.0,79.7264,75.1733,4.5531,9.8,0.4664,0.0,0.4664
2023-05-01 15:45:00,0.0,0.0,0.0,0.0,0.0,0.0,79.7185,75.1733,4.5452,9.8,0.4664,0.0,0.4664
2023-05-01 15:50:00,0.0,0.0,0.0,0.0,0.0,0.0,79.7156,75.1733,4.5423,9.8,0.4664,0.0,0.4664
2023-05-01 15:55:00,0.0,0.0,0.0,0.0,0.0,0.0,79.7146,75.1733,4.5413,9.8,0.4664,0.0,0.4664
2023-05-01 16:00:00,0.0,0.0,0.0,0.0,0.0,0.0,79.7117,75.1733,4.5384,9.8,0.4664,0.0,0.4664
2023-05-01 16:05:00,0.0,0.0,0.0,0.0,0.0,0.0,79.7205,75.1733,4.5472,9.8,0.4664,0.0,0.4664
2023-05-01 16:10:00,0.0,0.0,0.0,0.0,0.0,0.0,79.7225,75.1733,4.5492,9.8,0.4664,0.0,0.4664
2023-05-01 16:15:00,0.0,0.0,0.0,0.0,0.0,0.0,79.7274,75.1733,4.5541,9.8,0.4664,0.0,0.4664
2023-05-01 16:20:00,0.0,0.0,0.0,0.0,0.0,0.0,79.7274,75.1733,4.5541,9.8,0.4664,0.0,0.4664
2023-05-01 16:25:00,0.0,0.0,0.0,0.0,0.0,0.0,79.7303,75.1733,4.557,9.8,0.4664,0.0,0.4664
2023-05-01 16:30:00,XRPUSDT,Action.BUY,0.4649,10.0,0.0,0.0,79.7107,70.5243,9.1864,19.76,0.4656,4.649,0.4664
2023-05-01 16:35:00,0.0,0.0,0.0,0.0,0.0,0.0,79.7166,70.5243,9.1924,19.76,0.4656,0.0,0.4656
2023-05-01 16:40:00,0.0,0.0,0.0,0.0,0.0,0.0,79.7147,70.5243,9.1904,19.76,0.4656,0.0,0.4656
2023-05-01 16:45:00,0.0,0.0,0.0,0.0,0.0,0.0,79.7008,70.5243,9.1765,19.76,0.4656,0.0,0.4656
2023-05-01 16:50:00,0.0,0.0,0.0,0.0,0.0,0.0,79.685,70.5243,9.1607,19.76,0.4656,0.0,0.4656
2023-05-01 16:55:00,XRPUSDT,Action.SELL,0.4631,8.0,-0.9348,-0.0348,79.6603,74.2143,5.4461,11.76,0.4656,3.7048,0.4656
2023-05-01 17:00:00,0.0,0.0,0.0,0.0,0.0,0.0,79.6556,74.2143,5.4414,11.76,0.4656,0.0,0.4656
2023-05-01 17:05:00,0.0,0.0,0.0,0.0,0.0,0.0,79.658,74.2143,5.4437,11.76,0.4656,0.0,0.4656
2023-05-01 17:10:00,0.0,0.0,0.0,0.0,0.0,0.0,79.6662,74.2143,5.4519,11.76,0.4656,0.0,0.4656
2023-05-01 17:15:00,0.0,0.0,0.0,0.0,0.0,0.0,79.665,74.2143,5.4508,11.76,0.4656,0.0,0.4656
2023-05-01 17:20:00,0.0,0.0,0.0,0.0,0.0,0.0,79.6744,74.2143,5.4602,11.76,0.4656,0.0,0.4656
2023-05-01 17:25:00,0.0,0.0,0.0,0.0,0.0,0.0,79.6768,74.2143,5.4625,11.76,0.4656,0.0,0.4656
2023-05-01 17:30:00,XRPUSDT,Action.BUY,0.4645,10.0,0.0,0.0,79.6582,69.5693,10.0889,21.72,0.4651,4.645,0.4656
2023-05-01 17:35:00,0.0,0.0,0.0,0.0,0.0,0.0,79.6474,69.5693,10.0781,21.72,0.4651,0.0,0.4651
2023-05-01 17:40:00,0.0,0.0,0.0,0.0,0.0,0.0,79.6452,69.5693,10.0759,21.72,0.4651,0.0,0.4651
2023-05-01 17:45:00,0.0,0.0,0.0,0.0,0.0,0.0,79.6517,69.5693,10.0824,21.72,0.4651,0.0,0.4651
2023-05-01 17:50:00,XRPUSDT,Action.SELL,0.4638,8.0,-0.6784,-0.0252,79.6282,73.2648,6.3633,13.72,0.4651,3.7104,0.4651
2023-05-01 17:55:00,XRPUSDT,Action.BUY,0.4648,10.0,0.0,0.0,79.6233,68.6168,11.0065,23.68,0.465,4.648,0.4651
2023-05-01 18:00:00,0.0,0.0,0.0,0.0,0.0,0.0,79.6233,68.6168,11.0065,23.68,0.465,0.0,0.465
2023-05-01 18:05:00,0.0,0.0,0.0,0.0,0.0,0.0,79.6233,68.6168,11.0065,23.68,0.465,0.0,0.465
2023-05-01 18:10:00,0.0,0.0,0.0,0.0,0.0,0.0,79.6257,68.6168,11.0088,23.68,0.465,0.0,0.465
2023-05-01 18:15:00,0.0,0.0,0.0,0.0,0.0,0.0,79.6328,68.6168,11.0159,23.68,0.465,0.0,0.465
2023-05-01 18:20:00,0.0,0.0,0.0,0.0,0.0,0.0,79.628,68.6168,11.0112,23.68,0.465,0.0,0.465
2023-05-01 18:25:00,0.0,0.0,0.0,0.0,0.0,0.0,79.6257,68.6168,11.0088,23.68,0.465,0.0,0.465
2023-05-01 18:30:00,0.0,0.0,0.0,0.0,0.0,0.0,79.6233,68.6168,11.0065,23.68,0.465,0.0,0.465
2023-05-01 18:35:00,0.0,0.0,0.0,0.0,0.0,0.0,79.6304,68.6168,11.0136,23.68,0.465,0.0,0.465
2023-05-01 18:40:00,0.0,0.0,0.0,0.0,0.0,0.0,79.6186,68.6168,11.0017,23.68,0.465,0.0,0.465
2023-05-01 18:45:00,0.0,0.0,0.0,0.0,0.0,0.0,79.628,68.6168,11.0112,23.68,0.465,0.0,0.465
2023-05-01 18:50:00,0.0,0.0,0.0,0.0,0.0,0.0,79.6304,68.6168,11.0136,23.68,0.465,0.0,0.465
2023-05-01 18:55:00,0.0,0.0,0.0,0.0,0.0,0.0,79.6257,68.6168,11.0088,23.68,0.465,0.0,0.465
2023-05-01 19:00:00,0.0,0.0,0.0,0.0,0.0,0.0,79.6304,68.6168,11.0136,23.68,0.465,0.0,0.465
2023-05-01 19:05:00,0.0,0.0,0.0,0.0,0.0,0.0,79.6257,68.6168,11.0088,23.68,0.465,0.0,0.465
2023-05-01 19:10:00,0.0,0.0,0.0,0.0,0.0,0.0,79.6328,68.6168,11.0159,23.68,0.465,0.0,0.465
2023-05-01 19:15:00,0.0,0.0,0.0,0.0,0.0,0.0,79.6257,68.6168,11.0088,23.68,0.465,0.0,0.465
2023-05-01 19:20:00,0.0,0.0,0.0,0.0,0.0,0.0,79.628,68.6168,11.0112,23.68,0.465,0.0,0.465
2023-05-01 19:25:00,0.0,0.0,0.0,0.0,0.0,0.0,79.6186,68.6168,11.0017,23.68,0.465,0.0,0.465
2023-05-01 19:30:00,XRPUSDT,Action.SELL,0.4646,8.0,-0.4857,-0.0181,79.6037,72.3188,7.2849,15.68,0.465,3.7168,0.465
2023-05-01 19:35:00,0.0,0.0,0.0,0.0,0.0,0.0,79.6037,72.3188,7.2849,15.68,0.465,0.0,0.465
2023-05-01 19:40:00,0.0,0.0,0.0,0.0,0.0,0.0,79.61,72.3188,7.2912,15.68,0.465,0.0,0.465
2023-05-01 19:45:00,0.0,0.0,0.0,0.0,0.0,0.0,79.6084,72.3188,7.2896,15.68,0.465,0.0,0.465
2023-05-01 19:50:00,0.0,0.0,0.0,0.0,0.0,0.0,79.6084,72.3188,7.2896,15.68,0.465,0.0,0.465
2023-05-01 19:55:00,0.0,0.0,0.0,0.0,0.0,0.0,79.61,72.3188,7.2912,15.68,0.465,0.0,0.465
2023-05-01 20:00:00,XRPUSDT,Action.BUY,0.4652,10.0,0.0,0.0,79.5945,67.6668,11.9277,25.64,0.4651,4.652,0.465
2023-05-01 20:05:00,0.0,0.0,0.0,0.0,0.0,0.0,79.5919,67.6668,11.9252,25.64,0.4651,0.0,0.4651
2023-05-01 20:10:00,0.0,0.0,0.0,0.0,0.0,0.0,79.5817,67.6668,11.9149,25.64,0.4651,0.0,0.4651
2023-05-01 20:15:00,XRPUSDT,Action.SELL,0.4644,8.0,-0.5499,-0.0205,79.5591,71.3671,8.192,17.64,0.4651,3.7152,0.4651
2023-05-01 20:20:00,0.0,0.0,0.0,0.0,0.0,0.0,79.5662,71.3671,8.1991,17.64,0.4651,0.0,0.4651
2023-05-01 20:25:00,0.0,0.0,0.0,0.0,0.0,0.0,79.5732,71.3671,8.2061,17.64,0.4651,0.0,0.4651
2023-05-01 20:30:00,0.0,0.0,0.0,0.0,0.0,0.0,79.5715,71.3671,8.2044,17.64,0.4651,0.0,0.4651
2023-05-01 20:35:00,XRPUSDT,Action.BUY,0.4651,10.0,0.0,0.0,79.5529,66.7161,12.8368,27.6,0.4651,4.651,0.4651
2023-05-01 20:40:00,0.0,0.0,0.0,0.0,0.0,0.0,79.5584,66.7161,12.8423,27.6,0.4651,0.0,0.4651
2023-05-01 20:45:00,0.0,0.0,0.0,0.0,0.0,0.0,79.5556,66.7161,12.8395,27.6,0.4651,0.0,0.4651
2023-05-01 20:50:00,0.0,0.0,0.0,0.0,0.0,0.0,79.5556,66.7161,12.8395,27.6,0.4651,0.0,0.4651
2023-05-01 20:55:00,0.0,0.0,0.0,0.0,0.0,0.0,79.5529,66.7161,12.8368,27.6,0.4651,0.0,0.4651
2023-05-01 21:00:00,0.0,0.0,0.0,0.0,0.0,0.0,79.5418,66.7161,12.8257,27.6,0.4651,0.0,0.4651
2023-05-01 21:05:00,0.0,0.0,0.0,0.0,0.0,0.0,79.5501,66.7161,12.834,27.6,0.4651,0.0,0.4651
2023-05-01 21:10:00,0.0,0.0,0.0,0.0,0.0,0.0,79.5611,66.7161,12.845,27.6,0.4651,0.0,0.4651
2023-05-01 21:15:00,0.0,0.0,0.0,0.0,0.0,0.0,79.5694,66.7161,12.8533,27.6,0.4651,0.0,0.4651
2023-05-01 21:20:00,0.0,0.0,0.0,0.0,0.0,0.0,79.5473,66.7161,12.8312,27.6,0.4651,0.0,0.4651
2023-05-01 21:25:00,0.0,0.0,0.0,0.0,0.0,0.0,79.5556,66.7161,12.8395,27.6,0.4651,0.0,0.4651
2023-05-01 21:30:00,0.0,0.0,0.0,0.0,0.0,0.0,79.5556,66.7161,12.8395,27.6,0.4651,0.0,0.4651
2023-05-01 21:35:00,0.0,0.0,0.0,0.0,0.0,0.0,79.5943,66.7161,12.8782,27.6,0.4651,0.0,0.4651
2023-05-01 21:40:00,0.0,0.0,0.0,0.0,0.0,0.0,79.5943,66.7161,12.8782,27.6,0.4651,0.0,0.4651
2023-05-01 21:45:00,0.0,0.0,0.0,0.0,0.0,0.0,79.586,66.7161,12.8699,27.6,0.4651,0.0,0.4651
2023-05-01 21:50:00,0.0,0.0,0.0,0.0,0.0,0.0,79.586,66.7161,12.8699,27.6,0.4651,0.0,0.4651
2023-05-01 21:55:00,0.0,0.0,0.0,0.0,0.0,0.0,79.5832,66.7161,12.8671,27.6,0.4651,0.0,0.4651
2023-05-01 22:00:00,0.0,0.0,0.0,0.0,0.0,0.0,79.5832,66.7161,12.8671,27.6,0.4651,0.0,0.4651
2023-05-01 22:05:00,0.0,0.0,0.0,0.0,0.0,0.0,79.5832,66.7161,12.8671,27.6,0.4651,0.0,0.4651
2023-05-01 22:10:00,0.0,0.0,0.0,0.0,0.0,0.0,79.5777,66.7161,12.8616,27.6,0.4651,0.0,0.4651
2023-05-01 22:15:00,0.0,0.0,0.0,0.0,0.0,0.0,79.5667,66.7161,12.8506,27.6,0.4651,0.0,0.4651
2023-05-01 22:20:00,0.0,0.0,0.0,0.0,0.0,0.0,79.5667,66.7161,12.8506,27.6,0.4651,0.0,0.4651
2023-05-01 22:25:00,0.0,0.0,0.0,0.0,0.0,0.0,79.5639,66.7161,12.8478,27.6,0.4651,0.0,0.4651
2023-05-01 22:30:00,XRPUSDT,Action.SELL,0.4644,8.0,-0.5499,-0.0205,79.5187,70.4164,9.1022,19.6,0.4651,3.7152,0.4651
2023-05-01 22:35:00,0.0,0.0,0.0,0.0,0.0,0.0,79.5187,70.4164,9.1022,19.6,0.4651,0.0,0.4651
2023-05-01 22:40:00,0.0,0.0,0.0,0.0,0.0,0.0,79.503,70.4164,9.0866,19.6,0.4651,0.0,0.4651
2023-05-01 22:45:00,0.0,0.0,0.0,0.0,0.0,0.0,79.5246,70.4164,9.1081,19.6,0.4651,0.0,0.4651
2023-05-01 22:50:00,0.0,0.0,0.0,0.0,0.0,0.0,79.5246,70.4164,9.1081,19.6,0.4651,0.0,0.4651
2023-05-01 22:55:00,0.0,0.0,0.0,0.0,0.0,0.0,79.501,70.4164,9.0846,19.6,0.4651,0.0,0.4651
2023-05-01 23:00:00,0.0,0.0,0.0,0.0,0.0,0.0,79.4971,70.4164,9.0807,19.6,0.4651,0.0,0.4651
2023-05-01 23:05:00,0.0,0.0,0.0,0.0,0.0,0.0,79.505,70.4164,9.0885,19.6,0.4651,0.0,0.4651
2023-05-01 23:10:00,0.0,0.0,0.0,0.0,0.0,0.0,79.505,70.4164,9.0885,19.6,0.4651,0.0,0.4651
2023-05-01 23:15:00,0.0,0.0,0.0,0.0,0.0,0.0,79.5167,70.4164,9.1003,19.6,0.4651,0.0,0.4651
2023-05-01 23:20:00,0.0,0.0,0.0,0.0,0.0,0.0,79.4873,70.4164,9.0709,19.6,0.4651,0.0,0.4651
2023-05-01 23:25:00,0.0,0.0,0.0,0.0,0.0,0.0,79.501,70.4164,9.0846,19.6,0.4651,0.0,0.4651
2023-05-01 23:30:00,0.0,0.0,0.0,0.0,0.0,0.0,79.4991,70.4164,9.0826,19.6,0.4651,0.0,0.4651
2023-05-01 23:35:00,0.0,0.0,0.0,0.0,0.0,0.0,79.4971,70.4164,9.0807,19.6,0.4651,0.0,0.4651
2023-05-01 23:40:00,0.0,0.0,0.0,0.0,0.0,0.0,79.4834,70.4164,9.067,19.6,0.4651,0.0,0.4651
2023-05-01 23:45:00,0.0,0.0,0.0,0.0,0.0,0.0,79.4893,70.4164,9.0728,19.6,0.4651,0.0,0.4651
2023-05-01 23:50:00,0.0,0.0,0.0,0.0,0.0,0.0,79.4893,70.4164,9.0728,19.6,0.4651,0.0,0.4651
2023-05-01 23:55:00,0.0,0.0,0.0,0.0,0.0,0.0,79.4814,70.4164,9.065,19.6,0.4651,0.0,0.4651
2023-05-02 00:00:00,0.0,0.0,0.0,0.0,0.0,0.0,79.4677,70.4164,9.0513,19.6,0.4651,0.0,0.4651
2023-05-02 00:05:00,0.0,0.0,0.0,0.0,0.0,0.0,79.4599,70.4164,9.0434,19.6,0.4651,0.0,0.4651
2023-05-02 00:10:00,0.0,0.0,0.0,0.0,0.0,0.0,79.4481,70.4164,9.0317,19.6,0.4651,0.0,0.4651
2023-05-02 00:15:00,0.0,0.0,0.0,0.0,0.0,0.0,79.4481,70.4164,9.0317,19.6,0.4651,0.0,0.4651
2023-05-02 00:20:00,0.0,0.0,0.0,0.0,0.0,0.0,79.4285,70.4164,9.0121,19.6,0.4651,0.0,0.4651
2023-05-02 00:25:00,0.0,0.0,0.0,0.0,0.0,0.0,79.4089,70.4164,8.9925,19.6,0.4651,0.0,0.4651
2023-05-02 00:30:00,0.0,0.0,0.0,0.0,0.0,0.0,79.4207,70.4164,9.0042,19.6,0.4651,0.0,0.4651
2023-05-02 00:35:00,0.0,0.0,0.0,0.0,0.0,0.0,79.4168,70.4164,9.0003,19.6,0.4651,0.0,0.4651
2023-05-02 00:40:00,0.0,0.0,0.0,0.0,0.0,0.0,79.4148,70.4164,8.9984,19.6,0.4651,0.0,0.4651
2023-05-02 00:45:00,0.0,0.0,0.0,0.0,0.0,0.0,79.4324,70.4164,9.016,19.6,0.4651,0.0,0.4651
2023-05-02 00:50:00,0.0,0.0,0.0,0.0,0.0,0.0,79.4383,70.4164,9.0219,19.6,0.4651,0.0,0.4651
2023-05-02 00:55:00,0.0,0.0,0.0,0.0,0.0,0.0,79.4383,70.4164,9.0219,19.6,0.4651,0.0,0.4651
2023-05-02 01:00:00,0.0,0.0,0.0,0.0,0.0,0.0,79.454,70.4164,9.0376,19.6,0.4651,0.0,0.4651
2023-05-02 01:05:00,0.0,0.0,0.0,0.0,0.0,0.0,79.4168,70.4164,9.0003,19.6,0.4651,0.0,0.4651
2023-05-02 01:10:00,0.0,0.0,0.0,0.0,0.0,0.0,79.3893,70.4164,8.9729,19.6,0.4651,0.0,0.4651
2023-05-02 01:15:00,0.0,0.0,0.0,0.0,0.0,0.0,79.4089,70.4164,8.9925,19.6,0.4651,0.0,0.4651
2023-05-02 01:20:00,0.0,0.0,0.0,0.0,0.0,0.0,79.3795,70.4164,8.9631,19.6,0.4651,0.0,0.4651
2023-05-02 01:25:00,0.0,0.0,0.0,0.0,0.0,0.0,79.3893,70.4164,8.9729,19.6,0.4651,0.0,0.4651
2023-05-02 01:30:00,0.0,0.0,0.0,0.0,0.0,0.0,79.4128,70.4164,8.9964,19.6,0.4651,0.0,0.4651
2023-05-02 01:35:00,0.0,0.0,0.0,0.0,0.0,0.0,79.4109,70.4164,8.9944,19.6,0.4651,0.0,0.4651
2023-05-02 01:40:00,0.0,0.0,0.0,0.0,0.0,0.0,79.4128,70.4164,8.9964,19.6,0.4651,0.0,0.4651
2023-05-02 01:45:00,0.0,0.0,0.0,0.0,0.0,0.0,79.4089,70.4164,8.9925,19.6,0.4651,0.0,0.4651
2023-05-02 01:50:00,0.0,0.0,0.0,0.0,0.0,0.0,79.4266,70.4164,9.0101,19.6,0.4651,0.0,0.4651
2023-05-02 01:55:00,XRPUSDT,Action.BUY,0.4607,10.0,0.0,0.0,79.4277,65.8094,13.6183,29.56,0.4636,4.607,0.4651
2023-05-02 02:00:00,0.0,0.0,0.0,0.0,0.0,0.0,79.4337,65.8094,13.6242,29.56,0.4636,0.0,0.4636
2023-05-02 02:05:00,0.0,0.0,0.0,0.0,0.0,0.0,79.4248,65.8094,13.6153,29.56,0.4636,0.0,0.4636
2023-05-02 02:10:00,0.0,0.0,0.0,0.0,0.0,0.0,79.4159,65.8094,13.6065,29.56,0.4636,0.0,0.4636
2023-05-02 02:15:00,0.0,0.0,0.0,0.0,0.0,0.0,79.4011,65.8094,13.5917,29.56,0.4636,0.0,0.4636
2023-05-02 02:20:00,0.0,0.0,0.0,0.0,0.0,0.0,79.3982,65.8094,13.5887,29.56,0.4636,0.0,0.4636
2023-05-02 02:25:00,0.0,0.0,0.0,0.0,0.0,0.0,79.345,65.8094,13.5355,29.56,0.4636,0.0,0.4636
2023-05-02 02:30:00,XRPUSDT,Action.SELL,0.4588,8.0,-1.4312,-0.0531,79.3569,69.4652,9.8917,21.56,0.4636,3.6704,0.4636
2023-05-02 02:35:00,0.0,0.0,0.0,0.0,0.0,0.0,79.3634,69.4652,9.8982,21.56,0.4636,0.0,0.4636
2023-05-02 02:40:00,0.0,0.0,0.0,0.0,0.0,0.0,79.3677,69.4652,9.9025,21.56,0.4636,0.0,0.4636
2023-05-02 02:45:00,0.0,0.0,0.0,0.0,0.0,0.0,79.3741,69.4652,9.909,21.56,0.4636,0.0,0.4636
2023-05-02 02:50:00,0.0,0.0,0.0,0.0,0.0,0.0,79.3677,69.4652,9.9025,21.56,0.4636,0.0,0.4636
2023-05-02 02:55:00,0.0,0.0,0.0,0.0,0.0,0.0,79.3612,69.4652,9.896,21.56,0.4636,0.0,0.4636
2023-05-02 03:00:00,0.0,0.0,0.0,0.0,0.0,0.0,79.3569,69.4652,9.8917,21.56,0.4636,0.0,0.4636
2023-05-02 03:05:00,0.0,0.0,0.0,0.0,0.0,0.0,79.3655,69.4652,9.9004,21.56,0.4636,0.0,0.4636
2023-05-02 03:10:00,0.0,0.0,0.0,0.0,0.0,0.0,79.3612,69.4652,9.896,21.56,0.4636,0.0,0.4636
2023-05-02 03:15:00,0.0,0.0,0.0,0.0,0.0,0.0,79.3526,69.4652,9.8874,21.56,0.4636,0.0,0.4636
2023-05-02 03:20:00,0.0,0.0,0.0,0.0,0.0,0.0,79.372,69.4652,9.9068,21.56,0.4636,0.0,0.4636
2023-05-02 03:25:00,0.0,0.0,0.0,0.0,0.0,0.0,79.3785,69.4652,9.9133,21.56,0.4636,0.0,0.4636
2023-05-02 03:30:00,0.0,0.0,0.0,0.0,0.0,0.0,79.3547,69.4652,9.8896,21.56,0.4636,0.0,0.4636
2023-05-02 03:35:00,0.0,0.0,0.0,0.0,0.0,0.0,79.3547,69.4652,9.8896,21.56,0.4636,0.0,0.4636
2023-05-02 03:40:00,0.0,0.0,0.0,0.0,0.0,0.0,79.3461,69.4652,9.8809,21.56,0.4636,0.0,0.4636
2023-05-02 03:45:00,0.0,0.0,0.0,0.0,0.0,0.0,79.372,69.4652,9.9068,21.56,0.4636,0.0,0.4636
2023-05-02 03:50:00,0.0,0.0,0.0,0.0,0.0,0.0,79.3785,69.4652,9.9133,21.56,0.4636,0.0,0.4636
2023-05-02 03:55:00,XRPUSDT,Action.BUY,0.4602,10.0,0.0,0.0,79.3687,64.8632,14.5055,31.52,0.4625,4.602,0.4636
2023-05-02 04:00:00,0.0,0.0,0.0,0.0,0.0,0.0,79.3907,64.8632,14.5276,31.52,0.4625,0.0,0.4625
2023-05-02 04:05:00,0.0,0.0,0.0,0.0,0.0,0.0,79.3939,64.8632,14.5307,31.52,0.4625,0.0,0.4625
2023-05-02 04:10:00,0.0,0.0,0.0,0.0,0.0,0.0,79.3403,64.8632,14.4771,31.52,0.4625,0.0,0.4625
2023-05-02 04:15:00,0.0,0.0,0.0,0.0,0.0,0.0,79.2205,64.8632,14.3574,31.52,0.4625,0.0,0.4625
2023-05-02 04:20:00,XRPUSDT,Action.SELL,0.459,8.0,-1.1537,-0.0427,79.3162,68.5205,10.7957,23.52,0.4625,3.672,0.4625
2023-05-02 04:25:00,0.0,0.0,0.0,0.0,0.0,0.0,79.342,68.5205,10.8216,23.52,0.4625,0.0,0.4625
2023-05-02 04:30:00,0.0,0.0,0.0,0.0,0.0,0.0,79.3326,68.5205,10.8121,23.52,0.4625,0.0,0.4625
2023-05-02 04:35:00,0.0,0.0,0.0,0.0,0.0,0.0,79.3185,68.5205,10.798,23.52,0.4625,0.0,0.4625
2023-05-02 04:40:00,XRPUSDT,Action.BUY,0.4598,10.0,0.0,0.0,79.3166,63.9225,15.3941,33.48,0.4617,4.598,0.4625
2023-05-02 04:45:00,0.0,0.0,0.0,0.0,0.0,0.0,79.3233,63.9225,15.4008,33.48,0.4617,0.0,0.4617
2023-05-02 04:50:00,0.0,0.0,0.0,0.0,0.0,0.0,79.3233,63.9225,15.4008,33.48,0.4617,0.0,0.4617
2023-05-02 04:55:00,0.0,0.0,0.0,0.0,0.0,0.0,79.3132,63.9225,15.3908,33.48,0.4617,0.0,0.4617
2023-05-02 05:00:00,0.0,0.0,0.0,0.0,0.0,0.0,79.3802,63.9225,15.4577,33.48,0.4617,0.0,0.4617
2023-05-02 05:05:00,0.0,0.0,0.0,0.0,0.0,0.0,79.4237,63.9225,15.5012,33.48,0.4617,0.0,0.4617
2023-05-02 05:10:00,0.0,0.0,0.0,0.0,0.0,0.0,79.417,63.9225,15.4945,33.48,0.4617,0.0,0.4617
2023-05-02 05:15:00,0.0,0.0,0.0,0.0,0.0,0.0,79.3835,63.9225,15.4611,33.48,0.4617,0.0,0.4617
2023-05-02 05:20:00,0.0,0.0,0.0,0.0,0.0,0.0,79.3802,63.9225,15.4577,33.48,0.4617,0.0,0.4617
2023-05-02 05:25:00,0.0,0.0,0.0,0.0,0.0,0.0,79.3969,63.9225,15.4745,33.48,0.4617,0.0,0.4617
2023-05-02 05:30:00,0.0,0.0,0.0,0.0,0.0,0.0,79.4137,63.9225,15.4912,33.48,0.4617,0.0,0.4617
2023-05-02 05:35:00,0.0,0.0,0.0,0.0,0.0,0.0,79.3835,63.9225,15.4611,33.48,0.4617,0.0,0.4617
2023-05-02 05:40:00,0.0,0.0,0.0,0.0,0.0,0.0,79.3735,63.9225,15.451,33.48,0.4617,0.0,0.4617
2023-05-02 05:45:00,0.0,0.0,0.0,0.0,0.0,0.0,79.3534,63.9225,15.4309,33.48,0.4617,0.0,0.4617
2023-05-02 05:50:00,0.0,0.0,0.0,0.0,0.0,0.0,79.3434,63.9225,15.4209,33.48,0.4617,0.0,0.4617
2023-05-02 05:55:00,0.0,0.0,0.0,0.0,0.0,0.0,79.3199,63.9225,15.3975,33.48,0.4617,0.0,0.4617
2023-05-02 06:00:00,0.0,0.0,0.0,0.0,0.0,0.0,79.417,63.9225,15.4945,33.48,0.4617,0.0,0.4617
2023-05-02 06:05:00,XRPUSDT,Action.SELL,0.4616,8.0,-0.4216,-0.0156,79.3621,67.6005,11.7616,25.48,0.4617,3.6928,0.4617
2023-05-02 06:10:00,XRPUSDT,Action.BUY,0.4616,10.0,0.0,0.0,79.3436,62.9845,16.3591,35.44,0.4617,4.616,0.4617
2023-05-02 06:15:00,0.0,0.0,0.0,0.0,0.0,0.0,79.3542,62.9845,16.3697,35.44,0.4617,0.0,0.4617
2023-05-02 06:20:00,0.0,0.0,0.0,0.0,0.0,0.0,79.3826,62.9845,16.3981,35.44,0.4617,0.0,0.4617
2023-05-02 06:25:00,0.0,0.0,0.0,0.0,0.0,0.0,79.3861,62.9845,16.4016,35.44,0.4617,0.0,0.4617
2023-05-02 06:30:00,0.0,0.0,0.0,0.0,0.0,0.0,79.3968,62.9845,16.4123,35.44,0.4617,0.0,0.4617
2023-05-02 06:35:00,0.0,0.0,0.0,0.0,0.0,0.0,79.3861,62.9845,16.4016,35.44,0.4617,0.0,0.4617
2023-05-02 06:40:00,0.0,0.0,0.0,0.0,0.0,0.0,79.3791,62.9845,16.3945,35.44,0.4617,0.0,0.4617
2023-05-02 06:45:00,0.0,0.0,0.0,0.0,0.0,0.0,79.4074,62.9845,16.4229,35.44,0.4617,0.0,0.4617
2023-05-02 06:50:00,0.0,0.0,0.0,0.0,0.0,0.0,79.3968,62.9845,16.4123,35.44,0.4617,0.0,0.4617
2023-05-02 06:55:00,0.0,0.0,0.0,0.0,0.0,0.0,79.3861,62.9845,16.4016,35.44,0.4617,0.0,0.4617
2023-05-02 07:00:00,0.0,0.0,0.0,0.0,0.0,0.0,79.3649,62.9845,16.3804,35.44,0.4617,0.0,0.4617
2023-05-02 07:05:00,0.0,0.0,0.0,0.0,0.0,0.0,79.3791,62.9845,16.3945,35.44,0.4617,0.0,0.4617
2023-05-02 07:10:00,0.0,0.0,0.0,0.0,0.0,0.0,79.3791,62.9845,16.3945,35.44,0.4617,0.0,0.4617
2023-05-02 07:15:00,0.0,0.0,0.0,0.0,0.0,0.0,79.3932,62.9845,16.4087,35.44,0.4617,0.0,0.4617
2023-05-02 07:20:00,0.0,0.0,0.0,0.0,0.0,0.0,79.3826,62.9845,16.3981,35.44,0.4617,0.0,0.4617
2023-05-02 07:25:00,0.0,0.0,0.0,0.0,0.0,0.0,79.3791,62.9845,16.3945,35.44,0.4617,0.0,0.4617
2023-05-02 07:30:00,0.0,0.0,0.0,0.0,0.0,0.0,79.3791,62.9845,16.3945,35.44,0.4617,0.0,0.4617
2023-05-02 07:35:00,0.0,0.0,0.0,0.0,0.0,0.0,79.4074,62.9845,16.4229,35.44,0.4617,0.0,0.4617
2023-05-02 07:40:00,0.0,0.0,0.0,0.0,0.0,0.0,79.4216,62.9845,16.4371,35.44,0.4617,0.0,0.4617
2023-05-02 07:45:00,0.0,0.0,0.0,0.0,0.0,0.0,79.4074,62.9845,16.4229,35.44,0.4617,0.0,0.4617
2023-05-02 07:50:00,0.0,0.0,0.0,0.0,0.0,0.0,79.418,62.9845,16.4335,35.44,0.4617,0.0,0.4617
2023-05-02 07:55:00,0.0,0.0,0.0,0.0,0.0,0.0,79.4322,62.9845,16.4477,35.44,0.4617,0.0,0.4617
2023-05-02 08:00:00,0.0,0.0,0.0,0.0,0.0,0.0,79.457,62.9845,16.4725,35.44,0.4617,0.0,0.4617
2023-05-02 08:05:00,0.0,0.0,0.0,0.0,0.0,0.0,79.4606,62.9845,16.4761,35.44,0.4617,0.0,0.4617
2023-05-02 08:10:00,0.0,0.0,0.0,0.0,0.0,0.0,79.4641,62.9845,16.4796,35.44,0.4617,0.0,0.4617
2023-05-02 08:15:00,0.0,0.0,0.0,0.0,0.0,0.0,79.4464,62.9845,16.4619,35.44,0.4617,0.0,0.4617
2023-05-02 08:20:00,0.0,0.0,0.0,0.0,0.0,0.0,79.4499,62.9845,16.4654,35.44,0.4617,0.0,0.4617
2023-05-02 08:25:00,0.0,0.0,0.0,0.0,0.0,0.0,79.4535,62.9845,16.469,35.44,0.4617,0.0,0.4617
2023-05-02 08:30:00,0.0,0.0,0.0,0.0,0.0,0.0,79.4641,62.9845,16.4796,35.44,0.4617,0.0,0.4617
2023-05-02 08:35:00,0.0,0.0,0.0,0.0,0.0,0.0,79.4535,62.9845,16.469,35.44,0.4617,0.0,0.4617
2023-05-02 08:40:00,0.0,0.0,0.0,0.0,0.0,0.0,79.4499,62.9845,16.4654,35.44,0.4617,0.0,0.4617
2023-05-02 08:45:00,0.0,0.0,0.0,0.0,0.0,0.0,79.4499,62.9845,16.4654,35.44,0.4617,0.0,0.4617
2023-05-02 08:50:00,0.0,0.0,0.0,0.0,0.0,0.0,79.457,62.9845,16.4725,35.44,0.4617,0.0,0.4617
2023-05-02 08:55:00,0.0,0.0,0.0,0.0,0.0,0.0,79.4606,62.9845,16.4761,35.44,0.4617,0.0,0.4617
2023-05-02 09:00:00,0.0,0.0,0.0,0.0,0.0,0.0,79.4287,62.9845,16.4442,35.44,0.4617,0.0,0.4617
2023-05-02 09:05:00,0.0,0.0,0.0,0.0,0.0,0.0,79.4499,62.9845,16.4654,35.44,0.4617,0.0,0.4617
2023-05-02 09:10:00,0.0,0.0,0.0,0.0,0.0,0.0,79.4428,62.9845,16.4583,35.44,0.4617,0.0,0.4617
2023-05-02 09:15:00,XRPUSDT,Action.SELL,0.4644,8.0,0.1825,0.0067,79.428,66.6848,12.7431,27.44,0.4617,3.7152,0.4617
2023-05-02 09:20:00,0.0,0.0,0.0,0.0,0.0,0.0,79.4143,66.6848,12.7294,27.44,0.4617,0.0,0.4617
2023-05-02 09:25:00,0.0,0.0,0.0,0.0,0.0,0.0,79.4444,66.6848,12.7596,27.44,0.4617,0.0,0.4617
2023-05-02 09:30:00,0.0,0.0,0.0,0.0,0.0,0.0,79.4335,66.6848,12.7486,27.44,0.4617,0.0,0.4617
2023-05-02 09:35:00,0.0,0.0,0.0,0.0,0.0,0.0,79.428,66.6848,12.7431,27.44,0.4617,0.0,0.4617
2023-05-02 09:40:00,0.0,0.0,0.0,0.0,0.0,0.0,79.4252,66.6848,12.7404,27.44,0.4617,0.0,0.4617
2023-05-02 09:45:00,0.0,0.0,0.0,0.0,0.0,0.0,79.4143,66.6848,12.7294,27.44,0.4617,0.0,0.4617
2023-05-02 09:50:00,0.0,0.0,0.0,0.0,0.0,0.0,79.4088,66.6848,12.7239,27.44,0.4617,0.0,0.4617
2023-05-02 09:55:00,0.0,0.0,0.0,0.0,0.0,0.0,79.3978,66.6848,12.713,27.44,0.4617,0.0,0.4617
2023-05-02 10:00:00,0.0,0.0,0.0,0.0,0.0,0.0,79.406,66.6848,12.7212,27.44,0.4617,0.0,0.4617
2023-05-02 10:05:00,0.0,0.0,0.0,0.0,0.0,0.0,79.3758,66.6848,12.691,27.44,0.4617,0.0,0.4617
2023-05-02 10:10:00,0.0,0.0,0.0,0.0,0.0,0.0,79.3868,66.6848,12.702,27.44,0.4617,0.0,0.4617
2023-05-02 10:15:00,0.0,0.0,0.0,0.0,0.0,0.0,79.4005,66.6848,12.7157,27.44,0.4617,0.0,0.4617
2023-05-02 10:20:00,0.0,0.0,0.0,0.0,0.0,0.0,79.3813,66.6848,12.6965,27.44,0.4617,0.0,0.4617
2023-05-02 10:25:00,0.0,0.0,0.0,0.0,0.0,0.0,79.3621,66.6848,12.6773,27.44,0.4617,0.0,0.4617
2023-05-02 10:30:00,0.0,0.0,0.0,0.0,0.0,0.0,79.3731,66.6848,12.6883,27.44,0.4617,0.0,0.4617
2023-05-02 10:35:00,0.0,0.0,0.0,0.0,0.0,0.0,79.3841,66.6848,12.6992,27.44,0.4617,0.0,0.4617
2023-05-02 10:40:00,0.0,0.0,0.0,0.0,0.0,0.0,79.3786,66.6848,12.6937,27.44,0.4617,0.0,0.4617
2023-05-02 10:45:00,0.0,0.0,0.0,0.0,0.0,0.0,79.3429,66.6848,12.6581,27.44,0.4617,0.0,0.4617
2023-05-02 10:50:00,0.0,0.0,0.0,0.0,0.0,0.0,79.3265,66.6848,12.6416,27.44,0.4617,0.0,0.4617
2023-05-02 10:55:00,0.0,0.0,0.0,0.0,0.0,0.0,79.3402,66.6848,12.6553,27.44,0.4617,0.0,0.4617
2023-05-02 11:00:00,0.0,0.0,0.0,0.0,0.0,0.0,79.3539,66.6848,12.669,27.44,0.4617,0.0,0.4617
2023-05-02 11:05:00,0.0,0.0,0.0,0.0,0.0,0.0,79.3594,66.6848,12.6745,27.44,0.4617,0.0,0.4617
2023-05-02 11:10:00,0.0,0.0,0.0,0.0,0.0,0.0,79.3621,66.6848,12.6773,27.44,0.4617,0.0,0.4617
2023-05-02 11:15:00,0.0,0.0,0.0,0.0,0.0,0.0,79.3621,66.6848,12.6773,27.44,0.4617,0.0,0.4617
2023-05-02 11:20:00,0.0,0.0,0.0,0.0,0.0,0.0,79.3457,66.6848,12.6608,27.44,0.4617,0.0,0.4617
2023-05-02 11:25:00,0.0,0.0,0.0,0.0,0.0,0.0,79.3347,66.6848,12.6498,27.44,0.4617,0.0,0.4617
2023-05-02 11:30:00,0.0,0.0,0.0,0.0,0.0,0.0,79.3292,66.6848,12.6444,27.44,0.4617,0.0,0.4617
2023-05-02 11:35:00,0.0,0.0,0.0,0.0,0.0,0.0,79.3374,66.6848,12.6526,27.44,0.4617,0.0,0.4617
2023-05-02 11:40:00,0.0,0.0,0.0,0.0,0.0,0.0,79.3292,66.6848,12.6444,27.44,0.4617,0.0,0.4617
2023-05-02 11:45:00,0.0,0.0,0.0,0.0,0.0,0.0,79.3237,66.6848,12.6389,27.44,0.4617,0.0,0.4617
2023-05-02 11:50:00,0.0,0.0,0.0,0.0,0.0,0.0,79.3182,66.6848,12.6334,27.44,0.4617,0.0,0.4617
2023-05-02 11:55:00,0.0,0.0,0.0,0.0,0.0,0.0,79.3374,66.6848,12.6526,27.44,0.4617,0.0,0.4617
2023-05-02 12:00:00,0.0,0.0,0.0,0.0,0.0,0.0,79.3402,66.6848,12.6553,27.44,0.4617,0.0,0.4617
2023-05-02 12:05:00,0.0,0.0,0.0,0.0,0.0,0.0,79.3182,66.6848,12.6334,27.44,0.4617,0.0,0.4617
2023-05-02 12:10:00,0.0,0.0,0.0,0.0,0.0,0.0,79.3127,66.6848,12.6279,27.44,0.4617,0.0,0.4617
2023-05-02 12:15:00,0.0,0.0,0.0,0.0,0.0,0.0,79.3155,66.6848,12.6306,27.44,0.4617,0.0,0.4617
2023-05-02 12:20:00,0.0,0.0,0.0,0.0,0.0,0.0,79.3072,66.6848,12.6224,27.44,0.4617,0.0,0.4617
2023-05-02 12:25:00,0.0,0.0,0.0,0.0,0.0,0.0,79.2798,66.6848,12.595,27.44,0.4617,0.0,0.4617
2023-05-02 12:30:00,0.0,0.0,0.0,0.0,0.0,0.0,79.3127,66.6848,12.6279,27.44,0.4617,0.0,0.4617
2023-05-02 12:35:00,0.0,0.0,0.0,0.0,0.0,0.0,79.3951,66.6848,12.7102,27.44,0.4617,0.0,0.4617
2023-05-02 12:40:00,XRPUSDT,Action.BUY,0.4638,10.0,0.0,0.0,79.393,62.0468,17.3461,37.4,0.4623,4.638,0.4617
2023-05-02 12:45:00,0.0,0.0,0.0,0.0,0.0,0.0,79.3668,62.0468,17.3199,37.4,0.4623,0.0,0.4623
2023-05-02 12:50:00,0.0,0.0,0.0,0.0,0.0,0.0,79.3518,62.0468,17.305,37.4,0.4623,0.0,0.4623
2023-05-02 12:55:00,0.0,0.0,0.0,0.0,0.0,0.0,79.393,62.0468,17.3461,37.4,0.4623,0.0,0.4623
2023-05-02 13:00:00,0.0,0.0,0.0,0.0,0.0,0.0,79.3668,62.0468,17.3199,37.4,0.4623,0.0,0.4623
2023-05-02 13:05:00,0.0,0.0,0.0,0.0,0.0,0.0,79.3556,62.0468,17.3087,37.4,0.4623,0.0,0.4623
2023-05-02 13:10:00,0.0,0.0,0.0,0.0,0.0,0.0,79.3406,62.0468,17.2938,37.4,0.4623,0.0,0.4623
2023-05-02 13:15:00,0.0,0.0,0.0,0.0,0.0,0.0,79.3294,62.0468,17.2825,37.4,0.4623,0.0,0.4623
2023-05-02 13:20:00,0.0,0.0,0.0,0.0,0.0,0.0,79.3331,62.0468,17.2863,37.4,0.4623,0.0,0.4623
2023-05-02 13:25:00,0.0,0.0,0.0,0.0,0.0,0.0,79.3593,62.0468,17.3125,37.4,0.4623,0.0,0.4623
2023-05-02 13:30:00,0.0,0.0,0.0,0.0,0.0,0.0,79.378,62.0468,17.3312,37.4,0.4623,0.0,0.4623
2023-05-02 13:35:00,0.0,0.0,0.0,0.0,0.0,0.0,79.3892,62.0468,17.3424,37.4,0.4623,0.0,0.4623
2023-05-02 13:40:00,0.0,0.0,0.0,0.0,0.0,0.0,79.3967,62.0468,17.3499,37.4,0.4623,0.0,0.4623
2023-05-02 13:45:00,0.0,0.0,0.0,0.0,0.0,0.0,79.3817,62.0468,17.3349,37.4,0.4623,0.0,0.4623
2023-05-02 13:50:00,0.0,0.0,0.0,0.0,0.0,0.0,79.3855,62.0468,17.3386,37.4,0.4623,0.0,0.4623
2023-05-02 13:55:00,0.0,0.0,0.0,0.0,0.0,0.0,79.3855,62.0468,17.3386,37.4,0.4623,0.0,0.4623
2023-05-02 14:00:00,0.0,0.0,0.0,0.0,0.0,0.0,79.4004,62.0468,17.3536,37.4,0.4623,0.0,0.4623
2023-05-02 14:05:00,0.0,0.0,0.0,0.0,0.0,0.0,79.4191,62.0468,17.3723,37.4,0.4623,0.0,0.4623
2023-05-02 14:10:00,0.0,0.0,0.0,0.0,0.0,0.0,79.4378,62.0468,17.391,37.4,0.4623,0.0,0.4623
2023-05-02 14:15:00,0.0,0.0,0.0,0.0,0.0,0.0,79.4229,62.0468,17.376,37.4,0.4623,0.0,0.4623
2023-05-02 14:20:00,0.0,0.0,0.0,0.0,0.0,0.0,79.4229,62.0468,17.376,37.4,0.4623,0.0,0.4623
2023-05-02 14:25:00,0.0,0.0,0.0,0.0,0.0,0.0,79.4378,62.0468,17.391,37.4,0.4623,0.0,0.4623
2023-05-02 14:30:00,0.0,0.0,0.0,0.0,0.0,0.0,79.4453,62.0468,17.3985,37.4,0.4623,0.0,0.4623
2023-05-02 14:35:00,0.0,0.0,0.0,0.0,0.0,0.0,79.4491,62.0468,17.4022,37.4,0.4623,0.0,0.4623
2023-05-02 14:40:00,0.0,0.0,0.0,0.0,0.0,0.0,79.4453,62.0468,17.3985,37.4,0.4623,0.0,0.4623
2023-05-02 14:45:00,0.0,0.0,0.0,0.0,0.0,0.0,79.4341,62.0468,17.3873,37.4,0.4623,0.0,0.4623
2023-05-02 14:50:00,0.0,0.0,0.0,0.0,0.0,0.0,79.4304,62.0468,17.3835,37.4,0.4623,0.0,0.4623
2023-05-02 14:55:00,0.0,0.0,0.0,0.0,0.0,0.0,79.4191,62.0468,17.3723,37.4,0.4623,0.0,0.4623
2023-05-02 15:00:00,0.0,0.0,0.0,0.0,0.0,0.0,79.4378,62.0468,17.391,37.4,0.4623,0.0,0.4623
2023-05-02 15:05:00,0.0,0.0,0.0,0.0,0.0,0.0,79.4491,62.0468,17.4022,37.4,0.4623,0.0,0.4623
2023-05-02 15:10:00,0.0,0.0,0.0,0.0,0.0,0.0,79.4491,62.0468,17.4022,37.4,0.4623,0.0,0.4623
2023-05-02 15:15:00,0.0,0.0,0.0,0.0,0.0,0.0,79.4304,62.0468,17.3835,37.4,0.4623,0.0,0.4623
2023-05-02 15:20:00,0.0,0.0,0.0,0.0,0.0,0.0,79.4191,62.0468,17.3723,37.4,0.4623,0.0,0.4623
2023-05-02 15:25:00,0.0,0.0,0.0,0.0,0.0,0.0,79.4042,62.0468,17.3573,37.4,0.4623,0.0,0.4623
2023-05-02 15:30:00,XRPUSDT,Action.SELL,0.4638,8.0,-0.0768,-0.0028,79.3781,65.7424,13.6357,29.4,0.4623,3.7104,0.4623
2023-05-02 15:35:00,0.0,0.0,0.0,0.0,0.0,0.0,79.3928,65.7424,13.6504,29.4,0.4623,0.0,0.4623
2023-05-02 15:40:00,0.0,0.0,0.0,0.0,0.0,0.0,79.4046,65.7424,13.6622,29.4,0.4623,0.0,0.4623
2023-05-02 15:45:00,0.0,0.0,0.0,0.0,0.0,0.0,79.4222,65.7424,13.6798,29.4,0.4623,0.0,0.4623
2023-05-02 15:50:00,0.0,0.0,0.0,0.0,0.0,0.0,79.4222,65.7424,13.6798,29.4,0.4623,0.0,0.4623
2023-05-02 15:55:00,XRPUSDT,Action.BUY,0.4652,10.0,0.0,0.0,79.4007,61.0904,18.3103,39.36,0.463,4.652,0.4623
2023-05-02 16:00:00,0.0,0.0,0.0,0.0,0.0,0.0,79.4085,61.0904,18.3181,39.36,0.463,0.0,0.463
2023-05-02 16:05:00,0.0,0.0,0.0,0.0,0.0,0.0,79.4007,61.0904,18.3103,39.36,0.463,0.0,0.463
2023-05-02 16:10:00,0.0,0.0,0.0,0.0,0.0,0.0,79.381,61.0904,18.2906,39.36,0.463,0.0,0.463
2023-05-02 16:15:00,0.0,0.0,0.0,0.0,0.0,0.0,79.3377,61.0904,18.2473,39.36,0.463,0.0,0.463
2023-05-02 16:20:00,XRPUSDT,Action.SELL,0.4634,8.0,-0.314,-0.0116,79.315,64.7828,14.5322,31.36,0.463,3.7072,0.463
2023-05-02 16:25:00,0.0,0.0,0.0,0.0,0.0,0.0,79.3213,64.7828,14.5385,31.36,0.463,0.0,0.463
2023-05-02 16:30:00,0.0,0.0,0.0,0.0,0.0,0.0,79.2899,64.7828,14.5071,31.36,0.463,0.0,0.463
2023-05-02 16:35:00,0.0,0.0,0.0,0.0,0.0,0.0,79.3119,64.7828,14.5291,31.36,0.463,0.0,0.463
2023-05-02 16:40:00,0.0,0.0,0.0,0.0,0.0,0.0,79.3087,64.7828,14.526,31.36,0.463,0.0,0.463
2023-05-02 16:45:00,0.0,0.0,0.0,0.0,0.0,0.0,79.2868,64.7828,14.504,31.36,0.463,0.0,0.463
2023-05-02 16:50:00,0.0,0.0,0.0,0.0,0.0,0.0,79.3087,64.7828,14.526,31.36,0.463,0.0,0.463
2023-05-02 16:55:00,0.0,0.0,0.0,0.0,0.0,0.0,79.3181,64.7828,14.5354,31.36,0.463,0.0,0.463
2023-05-02 17:00:00,0.0,0.0,0.0,0.0,0.0,0.0,79.3181,64.7828,14.5354,31.36,0.463,0.0,0.463
2023-05-02 17:05:00,0.0,0.0,0.0,0.0,0.0,0.0,79.337,64.7828,14.5542,31.36,0.463,0.0,0.463
2023-05-02 17:10:00,0.0,0.0,0.0,0.0,0.0,0.0,79.3401,64.7828,14.5573,31.36,0.463,0.0,0.463
2023-05-02 17:15:00,0.0,0.0,0.0,0.0,0.0,0.0,79.3558,64.7828,14.573,31.36,0.463,0.0,0.463
2023-05-02 17:20:00,XRPUSDT,Action.BUY,0.4646,10.0,0.0,0.0,79.334,60.1368,19.1973,41.32,0.4634,4.646,0.463
2023-05-02 17:25:00,0.0,0.0,0.0,0.0,0.0,0.0,79.2845,60.1368,19.1477,41.32,0.4634,0.0,0.4634
2023-05-02 17:30:00,0.0,0.0,0.0,0.0,0.0,0.0,79.2679,60.1368,19.1312,41.32,0.4634,0.0,0.4634
2023-05-02 17:35:00,XRPUSDT,Action.SELL,0.4624,8.0,-0.6149,-0.0228,79.2283,63.8212,15.4072,33.32,0.4634,3.6992,0.4634
2023-05-02 17:40:00,0.0,0.0,0.0,0.0,0.0,0.0,79.215,63.8212,15.3938,33.32,0.4634,0.0,0.4634
2023-05-02 17:45:00,0.0,0.0,0.0,0.0,0.0,0.0,79.2383,63.8212,15.4172,33.32,0.4634,0.0,0.4634
2023-05-02 17:50:00,0.0,0.0,0.0,0.0,0.0,0.0,79.275,63.8212,15.4538,33.32,0.4634,0.0,0.4634
2023-05-02 17:55:00,0.0,0.0,0.0,0.0,0.0,0.0,79.265,63.8212,15.4438,33.32,0.4634,0.0,0.4634
2023-05-02 18:00:00,0.0,0.0,0.0,0.0,0.0,0.0,79.265,63.8212,15.4438,33.32,0.4634,0.0,0.4634
2023-05-02 18:05:00,XRPUSDT,Action.BUY,0.4633,10.0,0.0,0.0,79.2398,59.1882,20.0516,43.28,0.4634,4.633,0.4634
2023-05-02 18:10:00,0.0,0.0,0.0,0.0,0.0,0.0,79.2485,59.1882,20.0603,43.28,0.4634,0.0,0.4634
2023-05-02 18:15:00,0.0,0.0,0.0,0.0,0.0,0.0,79.2571,59.1882,20.0689,43.28,0.4634,0.0,0.4634
2023-05-02 18:20:00,XRPUSDT,Action.SELL,0.463,8.0,-0.486,-0.018,79.212,62.8774,16.3346,35.28,0.4634,3.704,0.4634
2023-05-02 18:25:00,0.0,0.0,0.0,0.0,0.0,0.0,79.2085,62.8774,16.3311,35.28,0.4634,0.0,0.4634
2023-05-02 18:30:00,0.0,0.0,0.0,0.0,0.0,0.0,79.2049,62.8774,16.3276,35.28,0.4634,0.0,0.4634
2023-05-02 18:35:00,0.0,0.0,0.0,0.0,0.0,0.0,79.2402,62.8774,16.3629,35.28,0.4634,0.0,0.4634
2023-05-02 18:40:00,0.0,0.0,0.0,0.0,0.0,0.0,79.2402,62.8774,16.3629,35.28,0.4634,0.0,0.4634
2023-05-02 18:45:00,XRPUSDT,Action.BUY,0.464,10.0,0.0,0.0,79.2287,58.2374,20.9914,45.24,0.4635,4.64,0.4634
2023-05-02 18:50:00,0.0,0.0,0.0,0.0,0.0,0.0,79.2106,58.2374,20.9733,45.24,0.4635,0.0,0.4635
2023-05-02 18:55:00,0.0,0.0,0.0,0.0,0.0,0.0,79.1925,58.2374,20.9552,45.24,0.4635,0.0,0.4635
2023-05-02 19:00:00,0.0,0.0,0.0,0.0,0.0,0.0,79.179,58.2374,20.9416,45.24,0.4635,0.0,0.4635
2023-05-02 19:05:00,0.0,0.0,0.0,0.0,0.0,0.0,79.1925,58.2374,20.9552,45.24,0.4635,0.0,0.4635
2023-05-02 19:10:00,XRPUSDT,Action.SELL,0.4631,8.0,-0.486,-0.018,79.1732,61.9273,17.2458,37.24,0.4635,3.7048,0.4635
2023-05-02 19:15:00,0.0,0.0,0.0,0.0,0.0,0.0,79.162,61.9273,17.2347,37.24,0.4635,0.0,0.4635
2023-05-02 19:20:00,0.0,0.0,0.0,0.0,0.0,0.0,79.1508,61.9273,17.2235,37.24,0.4635,0.0,0.4635
2023-05-02 19:25:00,0.0,0.0,0.0,0.0,0.0,0.0,79.0801,61.9273,17.1527,37.24,0.4635,0.0,0.4635
2023-05-02 19:30:00,0.0,0.0,0.0,0.0,0.0,0.0,79.0764,61.9273,17.149,37.24,0.4635,0.0,0.4635
2023-05-02 19:35:00,0.0,0.0,0.0,0.0,0.0,0.0,79.0652,61.9273,17.1378,37.24,0.4635,0.0,0.4635
2023-05-02 19:40:00,0.0,0.0,0.0,0.0,0.0,0.0,79.0875,61.9273,17.1602,37.24,0.4635,0.0,0.4635
2023-05-02 19:45:00,0.0,0.0,0.0,0.0,0.0,0.0,79.0875,61.9273,17.1602,37.24,0.4635,0.0,0.4635
2023-05-02 19:50:00,0.0,0.0,0.0,0.0,0.0,0.0,79.0875,61.9273,17.1602,37.24,0.4635,0.0,0.4635
2023-05-02 19:55:00,0.0,0.0,0.0,0.0,0.0,0.0,79.0689,61.9273,17.1416,37.24,0.4635,0.0,0.4635
2023-05-02 20:00:00,0.0,0.0,0.0,0.0,0.0,0.0,79.0801,61.9273,17.1527,37.24,0.4635,0.0,0.4635
2023-05-02 20:05:00,0.0,0.0,0.0,0.0,0.0,0.0,79.1024,61.9273,17.1751,37.24,0.4635,0.0,0.4635
2023-05-02 20:10:00,0.0,0.0,0.0,0.0,0.0,0.0,79.1099,61.9273,17.1825,37.24,0.4635,0.0,0.4635
2023-05-02 20:15:00,0.0,0.0,0.0,0.0,0.0,0.0,79.1062,61.9273,17.1788,37.24,0.4635,0.0,0.4635
2023-05-02 20:20:00,0.0,0.0,0.0,0.0,0.0,0.0,79.0913,61.9273,17.1639,37.24,0.4635,0.0,0.4635
2023-05-02 20:25:00,0.0,0.0,0.0,0.0,0.0,0.0,79.0764,61.9273,17.149,37.24,0.4635,0.0,0.4635
2023-05-02 20:30:00,0.0,0.0,0.0,0.0,0.0,0.0,79.1024,61.9273,17.1751,37.24,0.4635,0.0,0.4635
2023-05-02 20:35:00,0.0,0.0,0.0,0.0,0.0,0.0,79.0987,61.9273,17.1714,37.24,0.4635,0.0,0.4635
2023-05-02 20:40:00,0.0,0.0,0.0,0.0,0.0,0.0,79.0875,61.9273,17.1602,37.24,0.4635,0.0,0.4635
2023-05-02 20:45:00,0.0,0.0,0.0,0.0,0.0,0.0,79.0838,61.9273,17.1565,37.24,0.4635,0.0,0.4635
2023-05-02 20:50:00,0.0,0.0,0.0,0.0,0.0,0.0,79.0801,61.9273,17.1527,37.24,0.4635,0.0,0.4635
2023-05-02 20:55:00,0.0,0.0,0.0,0.0,0.0,0.0,79.0875,61.9273,17.1602,37.24,0.4635,0.0,0.4635
2023-05-02 21:00:00,XRPUSDT,Action.BUY,0.4612,10.0,0.0,0.0,79.084,57.3153,21.7686,47.2,0.463,4.612,0.4635
2023-05-02 21:05:00,0.0,0.0,0.0,0.0,0.0,0.0,79.084,57.3153,21.7686,47.2,0.463,0.0,0.463
2023-05-02 21:10:00,0.0,0.0,0.0,0.0,0.0,0.0,79.084,57.3153,21.7686,47.2,0.463,0.0,0.463
2023-05-02 21:15:00,0.0,0.0,0.0,0.0,0.0,0.0,79.084,57.3153,21.7686,47.2,0.463,0.0,0.463
2023-05-02 21:20:00,0.0,0.0,0.0,0.0,0.0,0.0,79.0981,57.3153,21.7828,47.2,0.463,0.0,0.463
2023-05-02 21:25:00,0.0,0.0,0.0,0.0,0.0,0.0,79.117,57.3153,21.8017,47.2,0.463,0.0,0.463
2023-05-02 21:30:00,0.0,0.0,0.0,0.0,0.0,0.0,79.1359,57.3153,21.8206,47.2,0.463,0.0,0.463
2023-05-02 21:35:00,0.0,0.0,0.0,0.0,0.0,0.0,79.1501,57.3153,21.8347,47.2,0.463,0.0,0.463
2023-05-02 21:40:00,0.0,0.0,0.0,0.0,0.0,0.0,79.1831,57.3153,21.8678,47.2,0.463,0.0,0.463
2023-05-02 21:45:00,0.0,0.0,0.0,0.0,0.0,0.0,79.1265,57.3153,21.8111,47.2,0.463,0.0,0.463
2023-05-02 21:50:00,0.0,0.0,0.0,0.0,0.0,0.0,79.1406,57.3153,21.8253,47.2,0.463,0.0,0.463
2023-05-02 21:55:00,0.0,0.0,0.0,0.0,0.0,0.0,79.1217,57.3153,21.8064,47.2,0.463,0.0,0.463
2023-05-02 22:00:00,0.0,0.0,0.0,0.0,0.0,0.0,79.1217,57.3153,21.8064,47.2,0.463,0.0,0.463
2023-05-02 22:05:00,0.0,0.0,0.0,0.0,0.0,0.0,79.1076,57.3153,21.7922,47.2,0.463,0.0,0.463
2023-05-02 22:10:00,0.0,0.0,0.0,0.0,0.0,0.0,79.1029,57.3153,21.7875,47.2,0.463,0.0,0.463
2023-05-02 22:15:00,0.0,0.0,0.0,0.0,0.0,0.0,79.0934,57.3153,21.7781,47.2,0.463,0.0,0.463
2023-05-02 22:20:00,0.0,0.0,0.0,0.0,0.0,0.0,79.1076,57.3153,21.7922,47.2,0.463,0.0,0.463
2023-05-02 22:25:00,XRPUSDT,Action.SELL,0.4615,8.0,-0.7227,-0.0268,79.0834,60.9926,18.0908,39.2,0.463,3.692,0.463
2023-05-02 22:30:00,0.0,0.0,0.0,0.0,0.0,0.0,79.1226,60.9926,18.13,39.2,0.463,0.0,0.463
2023-05-02 22:35:00,0.0,0.0,0.0,0.0,0.0,0.0,79.0677,60.9926,18.0751,39.2,0.463,0.0,0.463
2023-05-02 22:40:00,0.0,0.0,0.0,0.0,0.0,0.0,79.0755,60.9926,18.083,39.2,0.463,0.0,0.463
2023-05-02 22:45:00,0.0,0.0,0.0,0.0,0.0,0.0,79.0677,60.9926,18.0751,39.2,0.463,0.0,0.463
2023-05-02 22:50:00,0.0,0.0,0.0,0.0,0.0,0.0,79.0755,60.9926,18.083,39.2,0.463,0.0,0.463
2023-05-02 22:55:00,0.0,0.0,0.0,0.0,0.0,0.0,79.052,60.9926,18.0594,39.2,0.463,0.0,0.463
2023-05-02 23:00:00,0.0,0.0,0.0,0.0,0.0,0.0,79.0481,60.9926,18.0555,39.2,0.463,0.0,0.463
2023-05-02 23:05:00,0.0,0.0,0.0,0.0,0.0,0.0,79.0089,60.9926,18.0163,39.2,0.463,0.0,0.463
2023-05-02 23:10:00,0.0,0.0,0.0,0.0,0.0,0.0,79.0403,60.9926,18.0477,39.2,0.463,0.0,0.463
2023-05-02 23:15:00,0.0,0.0,0.0,0.0,0.0,0.0,79.0991,60.9926,18.1065,39.2,0.463,0.0,0.463
2023-05-02 23:20:00,0.0,0.0,0.0,0.0,0.0,0.0,79.0873,60.9926,18.0947,39.2,0.463,0.0,0.463
2023-05-02 23:25:00,0.0,0.0,0.0,0.0,0.0,0.0,79.15,60.9926,18.1574,39.2,0.463,0.0,0.463
2023-05-02 23:30:00,XRPUSDT,Action.BUY,0.4623,10.0,0.0,0.0,79.0962,56.3696,22.7267,49.16,0.4629,4.623,0.463
2023-05-02 23:35:00,0.0,0.0,0.0,0.0,0.0,0.0,79.1208,56.3696,22.7512,49.16,0.4629,0.0,0.4629
2023-05-02 23:40:00,0.0,0.0,0.0,0.0,0.0,0.0,79.1405,56.3696,22.7709,49.16,0.4629,0.0,0.4629
2023-05-02 23:45:00,0.0,0.0,0.0,0.0,0.0,0.0,79.111,56.3696,22.7414,49.16,0.4629,0.0,0.4629
2023-05-02 23:50:00,0.0,0.0,0.0,0.0,0.0,0.0,79.0913,56.3696,22.7218,49.16,0.4629,0.0,0.4629
2023-05-02 23:55:00,0.0,0.0,0.0,0.0,0.0,0.0,79.0667,56.3696,22.6972,49.16,0.4629,0.0,0.4629
2023-05-03 00:00:00,0.0,0.0,0.0,0.0,0.0,0.0,79.0766,56.3696,22.707,49.16,0.4629,0.0,0.4629
